address,total_rewards
0x63AEf7616882F488BCa97361d1c24F05B4657ae5,3156965
0xc5e624d6824e626a6f14457810e794e4603cfee2,2067402
0xf7ae622C77D0580f02Bcb2f92380d61e3F6e466c,2003313
0x8287928a809346df4cd53a096025a1136f7c4ff5,731714
0x0874bc1383958e2475df73dc68c4f09658e23777,711936
0x55Fa13b0Ed6502243ff69707FfbC2Ef4c77d3555,648374
0xf058ccfb2324310c33e8fd9a1dda8e99c8beda59,630093
0x9afc8ef233e2793b2b90ca5d70ca2e7098013142,543055
0xc82ec0f3c834d337c51c9375a1c0a65ce7aadaec,440908
0xc8f73804744246bd47cafe58ec656431208c18aa,412847
0xca2229dd9b45ca69e85fd7119b2df292bc4b8efb,387096
0xcab8fad7eb11c59e7537c7d61a9950755ae0e050,276093
0x6dda3d258e21abc37668e82ae543e8c77567f220,254116
0x6fb0dfb34a659924f86eea133e726e82d7dd3b42,222312
0xe9e284277648fcdb09b8efc1832c73c09b5ecf59,221618
0xcCA877408c68878EA02Afd1C441cDaaA05d061f1,221601
0xb8CA9EA80F51307A26f354B462FC226349505dAE,221598
0x86b234a86d57e707fbe1a406780941fdab6690a5,210522
0x6aE3A277332606ae46bA194e3952b29C20302066,210510
0xc2212098ade1999aa66cae2fc9b398e87aa9643e,210510
0xeC5b553E964B0b720703EF80F0F36F0E5Ec3e61C,210510
0x45636ccfbd84c2e6cd7a17722679456dad55d954,206622
0xcb6172196bbcf5b4cf9949d7f2e4ee802ef2b81d,188256
0x0c2e2f6f1041599a0ab2ac27ced05da37de742ff,130903
0xdac976629020966a03ed95f19d0db8f3a8a7215a,122843
0x595413e38bc847eb5dc2738cef764ea2c76a6ff3,112493
0x7f0e5488a651c08f84df8e4088303c94c58a728b,99521
0x69f1e459917b8625b244bdb8e45478d11bcdc8db,90376
0x2fa5476d102cce87357de77c128b263d9b98392f,88353
0x42c29b7c9a62c791a51581084c78465f1699d9de,78512
0x1e9673315e0ada0db640c299ddd2a1d81d220180,74474
0x7d8566fb609b311dee6609b98377d7c337b44c5e,74412
0x94ee0ca3e550f3f5d348df8a2bc4b253a1f57dc3,74061
0xa1d262e7783187f74fcd771ed5f34f745505f60f,73680
0x732e1e1075800da206ae0abd0abb13a9aa8278aa,72716
0xe6403fdff818a6f96d337ff90f7565468fa03e80,71277
0x8fffb9d239ef30b028b69b1d579fce787a71dcf6,70968
0xcb469d51b82723dd7b3e3f0b230692025c391d47,69781
0x3a00b186162de157f74a694b79fde9ae27baa570,68626
0xe6f863571e48afc3b5df761639a7aec9104cfb15,67095
0xad4d23c1a11fec5a5b1c3c8fe01100afe9e9413c,62568
0x2582e9808b0d78224bd6ddca5a4bdbc579f7d7b2,62063
0x8e2ee3400af08b6767cb7db17d58471816f9c157,60651
0x5627fa7883e7ed4790b8839e55fbaac79d43104d,58650
0xb000357a4032edbf088937a283e945a379199e33,57834
0x6631c780ab25c77b5cd597561ee0fcc3dcee3239,53771
0x73f558568b6ba65c93863c0a4e9b76413b5b291a,50237
0x3d726623456e34e8a7f5567f6249ec4d72cc3595,49580
0x87381144e4c119a8a453a9cd7cd513539e3bd886,49353
0xdeb9151d8197565ba1c6be9f85cd4ca4a30e491c,48829
0xe9a94ff71f8d91f66783dee373229db25751e47e,48011
0xfa6c96b41c70b326e98c5e17ffa6ae86577ac292,42792
0x109b9ed94bc43267f79a33404997e2657a8a1010,41444
0x4055482885cf493dd38d640b436f5530218f84ba,39882
0x1537d6b1f95b7f69e92b8f00f2c5a26eefdad36d,39593
0x6d81ab59cbb1f757b0346099b1c5bbf4a9bc2852,38160
0x058e5acc8661aa40437cb6199eb691d56c5d7fb0,37989
0x1ff4c5235cf4a97d96d95a794cd88d0c71649725,37625
0xf3f57ff85386330521ae654edaa900bba5194845,36067
0x0f49218c9c37b6a20aadddbfc8cecd657d0303f0,35358
0xd1a0931de7a002d0d47117404bcbb3443fafb618,34939
0xc040162069fee0485572aad993149b6df9d7ff76,33883
0x6edb7d32cc26127e4cbe4f300bdef4fcf7f95658,33402
0xb226f469841d193829fa54661eac4ba5ce91a41e,33143
0xe78dfd0bc41dade7ad0ec034837d735d76cac442,32890
0x8dad4eb7fdd896eecc8439f1125bcc4aace98acb,32562
0xd116eb729373a6fcb016313ad3e4911135f3f5d7,32202
0xbd4231427419c835f76b87f4b4d5118fa67a8c0a,32040
0x7ce8e9764f3df53085885b0635b9ad6aaa637f0d,31962
0xdd6773eecdf8b3c506462a96d4a15a07161d33d0,31656
0x2fa676f4d6bdbba48a52069c58a986b9b9efe3fe,30728
0x36b0e1c25e48c234b4a66151d369cc0deb790092,30401
0x97a635d5d7690b4f88a4a983a3c5b8733243d4aa,29520
0xf79e7e69da7ef849eeea6365f35fe9ed6e288188,29496
0x8e24baaaccc39a1991cdf4182afe350adcf87150,29256
0x9be41839b7a16881957c598481180aae0c69d8dc,29002
0x8b0db71ee5abda29ba2a36f0e69926a213cd7d66,28944
0x9d3acb3aadd0ba6cc6f956767af3df728e3f6572,28911
0xb85b15197f0d827fe7350c45400dbafe850e54f9,28656
0xf257ede1ce68ca4b94e18eae5cb14942cbff7d1c,27885
0x1e69ce6e1271af7d13da1d2e4e3b2773bdf2ad5b,27577
0xaed157752cd886b3f8abff22ed46207fb6c9e6f2,27485
0xcd4f38d5f5d71a2daac841f2c68721a96ad09916,27380
0xa7ca3fab938e598b824088a9a7ec0a7118120b91,27140
0xfb6f219e4ea306d37fc842675dc5d9510d46cb60,26504
0x9f62d19be59552bbaefa953012d850f8401b3d41,25653
0xce62c3f30bcea043e38dd2ac8deaf4b57f6136ea,25296
0xabd5140d6c02d3184c3a1b357678b359837f6d27,24944
0x0000822dfa1832036187b935251a32c4ef021691,24452
0x738d7283c7172e90acabd1e3f710addc0f8a5c54,24408
0x6b8ba1eb558396dda171da5f33f2a28e841157fb,24288
0x98e602643163c18691b5d1b79046076594a13fe2,23937
0x87f8338f064a6b18c0aff96ae665afd5f55b1140,23784
0x51b941ff999a213142121322bc07fe47dff09e78,23015
0xbc5a2e41dcc93ddc90892c3e71138768a59dc58b,22484
0x2d8771c600119bbd21bcb4d312db78e706cc1b96,22368
0xc5430f88d850f3384c30e55200e60c52b84f3914,22029
0xcdb1024a7c87f416ddf8f011f5813c685de441cd,22014
0x0e5c61c85aec4210aff9a0f5efeb67ad7fcaca22,21888
0x51334a767a967b9edbf0886e9b943ed77a6ff3cb,21801
0xd9aa0ff134c35b46a29084b7c518c9c9b4b79129,21714
0x6598feb8a2992c794e1c8167fd88e67bc64b88e0,21222
0x71b244c18a046144bb2294c70101d520ea8a0c36,21184
0xa0643419e8b36d972ed73150a1bcfc5c26e06bad,21064
0xefbb7b0affbc5a3b8699f4609932ab725622658c,20904
0xaff328c702e24a16830f30182009afb3126c7561,20424
0x0a7d63e21b30bf592443b423f8ebee27a21680f0,20378
0x94b3ed13a89d89e3ad855864b309d2c944fcd310,20192
0x3f0fb5ef5a746759afa9bc8bdd3a0cdb2b3b5d16,20158
0xe808bf32f455069e88f576b551bc01e2cabccc8e,19805
0x40fdb2cc4f96dc6f2a36dceeb71c26038aee1649,19800
0x6fb13010fc5fcec5103de97e340b56e73977263e,19800
0xe11dcdaf89c516b39207fe09e50bdda5745dbf9e,19376
0x4dcaafa5b74c0788b19e63da861e786ec29c85a3,18734
0xab73a857c22915222bdb46cfe32ada9d4eb893e9,18710
0xd33d36cb47e8853abe9e3ac8e229f7bdc7e05ffd,18400
0x7ad14502fb36d1567647cd626f091b96eda4858d,18285
0x1a598aa26b3c4b8539db283dba06629e58f36cf7,18120
0x22029702e18ad070400a89bd788c87866365a5f7,18070
0x54df1bc0604b99e6ea6b7c59a096ae042e508fa0,17880
0x4e1bdefa1fccd798e7a1136228ab1cb70d4333e6,17758
0x335d3aad9ae2e80116dcb29498cf10aa222d5c7c,17753
0xeb1845f8ed97150625ffb344deea4a94e78a4896,17736
0xc7e2e1294fd43ded47f439d2467f1bbcba37319f,17710
0x00de3678d2a51d23314c2491460ed95ea9fcc88e,17562
0x40cddceb0ceaae791a9ea9d628d11b4dd2488351,17562
0x853e960a347b24143e2c7d317b5e356cc987a05c,17556
0x89f40fde58eee6d66f8f67cbba21886c3640c3e5,17535
0x91a64e8dd268b757ec7ab2a9c36a8a8b30735655,17473
0xb28ea2305536e83f1f4842f4f0fbfdc1acf7e89c,17472
0xaa433bce2abacb6bd7c53947c6ba49c9cf06fdfa,17342
0x8eae7c4d1020aab98967e8d1cedbcc81f80e15aa,16968
0xdff0c207e0595e20f1bce4149918df19c667092f,16824
0x2e190bed30c0b54e069d8860811c420285fedef7,16721
0xd790923a4826b7386f161aec7ac9f6c5183f96a9,16559
0x8c374bcd4ceb795363f8aeac7a685bd4b3d1d316,16558
0x0c1a5dfbefc1d987ce72489ec8939e7636e298d1,16537
0x88858820e9f469a492f2ea3a81e0eb815dbc9b3a,16536
0x96a66500baaf982191f1b81416fd43cfb6f23087,16491
0x950dd7963790dfad0940cc555a6d302a845846b1,16362
0xf6ccb2b7d9c653f512e7091c3da8cca2a962ea89,16330
0x7b2cc2ff366157d4a56898dab0a6b816b1ff6cfb,15736
0x9d414882fc618720fa8b850184f846422f422bd1,15680
0x8025c0868813bd2f76b2f66c064dbe313071d244,15640
0xfe1c5f4b46230c8bc87b181faebe03c6f3dfaab2,15387
0x34a81d5618a26e87747552c78ec29c38032069c0,15249
0x67df1c1276b2ffdcf3dfae8b78812c5ddc3fb2d4,15249
0xf1711eb647e7afe7d09927f5e1a31cae94f9a9c5,15156
0xd61b0109d3ed6cd444bb114bee938a14a063d07c,15064
0x0129605e6dac94c370da30012639f1bede62726b,15042
0xfa7f45b41c51fb14524faad3d28a041e73f61018,14973
0x2d33b44bc6ac0b87d2f70d2dd009fc4df8c5fa40,14925
0x6c767214676c81b597bf039d045486a6c2a85f92,14875
0x8853f515534f458fd069339bd2536e7aae3ef805,14743
0x1cd13747eb8fd30107566285290c0b82e52bfa67,14178
0xb5c88028a9c7f10b98c37b763ca9b0b0fd012b07,14110
0x160276ea35b052b8d06c98670da1daeb1255191d,13934
0x925558e25833411f3a63e0eddc256d564ad39dcd,13727
0xe02e1a292fbd4a5bd353003eb9f20d6bf64ce959,13506
0x2107b9ebafe8bcd830c40991aba35ab79811ca25,13222
0xa12397dad8b8be596c8335acdbd55a9d1d912c8b,13061
0x803c86f8281d00e0f888ba784c2c93a19cf5d8ca,12959
0x67dfe0230621754df1a477a1e6399dbb2e944f08,12954
0xe06921e7eda2b4c708b8005bcae6e289e83a11d8,12854
0xb449cde3516cbeeff24d6d0ac6944ec600e87c08,12547
0x2bd97a82219657f234f7925de5a06f0cb342e2ab,12420
0xdb3d000963a51c850654047f9b8fd7b20a280a1d,12406
0xadbc759d844d7e74a0d7f80970bd217f0984caec,12212
0xd91f882aa70e90207167c1fd94f6c5d9559cbcb3,12212
0x922736173d515d66893c5a7747cd87a895c19df8,12123
0x74c4d949f7a9942de73b224fc0b8db9533816d28,12121
0x66ac8271b73a9bdd29cce88cdeb3f9059c7726e0,11928
0x8dd897abf26c97c6095391d627d1aac16a19d8af,11928
0xf6de2df713b2aa9d6e77f6a031bbb1202737f99d,11696
0x795f96e07ec90ec4d001f21a66cb0225cdf57486,11496
0x853cde90d822550fb2ef9dbef1cc254a2c0527a1,10993
0x5f2289d6a0b6a163599dcfb5da2c60d87cb5e9a4,10824
0xfc4d70b0d3706994e398deafc939bbcfbe33c61e,10516
0x909dd23deeb649d7e7435ebed28e602dd477cb96,10285
0x21f94d42edac22fa47363dfc724bba460fdaeb8a,10235
0x3de7b630611a4244c1a684285fa23d9b4158e676,10197
0x074db49d4f91d25b8adca4639cf005a533cc04e7,10074
0x2b5101b6f0e44e46c4deab3a1e954e24acdff558,10056
0x00fc3beabd3b51be88545ff28c0b6d5115996b8d,10028
0xad2c6c37b240f88b60e22c2f4a987aa843666d60,9954
0xb0201e5f9ef85374fd31602a7b876a15bd35e510,9931
0x4eef9ff3e0d2040cc71840ab6be98795d3c07bd9,9911
0x34d9571fc2493e67f40778f406a6fd6ff1e8265f,9888
0x59b89d8d636aa06e5827b2d5ca007c397357152e,9885
0xc9c44747b5b0aa5dbb703038376b0368ab066139,9821
0x55544cdef4b63e61a8735c64d0c7dde0fa9f82f5,9775
0xce6ae696455e8612e708e23ccd04db32bbeb1422,9752
0x6498ed4e7577584a59e621e42de4ed0dce80c136,9734
0xde587a7885f9941df32af21dd42c7a22cf36dc0f,9678
0x0eb68ade962a67aba73328769e02e1ae7be7f6f7,9660
0xcec20d325e8184752c2c5c41a9cbeb2daac96eff,9639
0x027a46c5d6a25c975620ee56f0cc42fe0a45354f,9614
0x90ba4dd477f3341815a58d3becf0ee16c8ce66f4,9575
0x45a3afecd3cfdf64aec94f4937ad82b7e5f15ffc,9504
0xeade864804656693cbe7ee138391c7f679f124bf,9437
0x83979c3b1561bb2d274a05a9f5c5a94454c90a5c,9432
0x1223575c6bcb6e942a727af058fa7935136a03e5,9407
0xb762a542a5c50d18e1e13d54246e1dd2c1fa40fd,9407
0xc743420f23ade53ed7b63bf10b9e24af968b18ab,9406
0x28f6496edfc0ac8d11a879325fefc824a3ed4612,9366
0xd8189e415d4ac557b596141cb8336ce82d97129a,9359
0x43981515ff8f664e57c7be9f5d5e08ba11e16aff,9338
0x262eef0a806e113d91d71bbf5f7b20fae9f3caac,9299
0xeccb9303c03fa091520222018e470adfa0d756b7,9288
0xc028e6ad5554dd9545b551e45ad01f2d765145dd,9253
0x8d0e0b57b94ac868839e164ef27240635caff6e8,9245
0x32289df1cad17663c5487fafbbdaada306cf1764,9154
0x9f263ee45362df4ef28f07a3fd2916953eb30f78,9135
0xebe142d66f4eea5acebaf265e5fbac93abffd795,9103
0x63a46259defce56afa7a4f7bd99bfcac8a32b123,9101
0x86742c707e85d6e3acb14f1421cdbb295b6fd5d2,9101
0xc167b35e8c0c31cb16ba183b617dc79734e785e6,9025
0x532f3502d92dd7a6105ea7aae94f8cbe09418395,9024
0xdf8a3460d5e2cfa33c8aa296c5c52ea966f2dfde,8958
0x2765d526931e85db35d0015e356cb6eb4891f838,8881
0xe3a8a067cd256e663bbcb88368fb1524b41f9154,8560
0x3e369bea092a2053207217d9fd58c4b85d11d848,8556
0xfa824459116b68a5fa56d0861212bf28781cbcb1,8526
0x84efde1bfc8e2689d84ce5a5865a889521dbae2a,8472
0x4fe02faeb6db2c42bc048ec61def77f475401bae,8378
0x41c2c1752007968f2eaec28ce8b8204a9367b10e,8372
0x24b693822a0abe8e2cb9b4dde29e4cbefdf09814,8263
0xc860150568c2a51638540d601d02781db3063900,8231
0xbae7fb168206d12152980162dd9f96dc7d5d2e8a,8157
0xfa7aa93954c9f65a6685d035cfb929ccdcf560f3,8096
0xd712f015a23784eea9e3debd00fe9fa7559f23b9,8063
0xf0fadbafb1eba79c40a7635ffc798efc5dc8e20d,8040
0xfd75dd09388b289177c0fc2b1fd82fb6dd5103b6,8039
0x6b59210ade46b62b25e82e95ab390a7ccadd4c3a,7950
0x488a9f479bacdccc7e9904f12fec8a27e8ce23df,7947
0x05fd056e97d543a94e45a69cde7fc391b582afee,7885
0x155d31040ea1d36b1df6dc37b859242337f50289,7774
0x4d4773d44c52171fb08dec2d1065d5fdab051000,7747
0x4e4392064e0a82b37bfb1e569efc2cdebf5fdf0b,7727
0xac400f539a622ccf0fe99d37283b2895b24840c2,7452
0x2109c09a2f2acc1f61e3993b85890e7ce56b0939,7433
0x170a706635b481bcde17c5ef4670f2161bb7b6a8,7353
0x6302dd9d0906ebd43230e35149da772386c7ead7,7337
0x0352c3b766999ac08163eaced9d0c9cce70c2d3d,7291
0x2db31518a55da4fea7180378a5c52798be68014a,7216
0xbb7806c88edc94045ceaae1bcb20f450c4df8b83,7141
0xd031419f4c2da9ed793b76140e1b2f59753f3ff6,7014
0xdcb71c2086f4d9aef8af0710780c29e046fe9dfd,6949
0xb39b567809491f5d200026a3a22a161038b4dfa7,6936
0xb9352580b7afe11314016cd43fd0d01116e65019,6909
0x864cf13c6269021a6bc71d482f1052180db0ac82,6855
0x97c8159a8f391ed2d53d5a7310044c6a4528dd89,6831
0xe7737d2d76b1221338d345302e8d74be76cd5808,6796
0xf538536182470f8d99b05a8ce2f61f08b2864d5e,6767
0x79af3d21e71fe7dbed6d976ea00d3819e247a013,6747
0x99d8ee2615c31e3909f53fddcd6a53d92b32d306,6552
0x297bfc05e59d9d545d08a74d26920f21111663c8,6536
0xf376a45e6443def12895dadfd5b0e265282378be,6338
0x19798ea3495fadb49d66b1c3b0d224df7e5e9037,6335
0xefde42783b0cc8e1fa3206754d4b3a646b9e49d7,6321
0x44064fc7340c63c462efdaa377fd1b48489e3d78,6304
0xa53d529681dd1a45a598c30021fbed120e320490,6264
0x925312314ceed334a6c57295913754cd2d80d648,6212
0x4769fa50ecaacf9f274cb95564b1cc1aede0467e,6187
0x241d0cb03d29ce42f262229c25099652731b8783,6167
0x9d93825fd7cb63681731903fb5ee16c0f60eccea,6144
0xcb6c66407e21bbe3cf062028e061adb1804527d4,6141
0x313695ced3fc0a9fc4241792f387ad886bb79ec9,6096
0x8a45bba9f0daecabbae8537f088e23752bf3e0a2,6096
0x7d46ac58f19a0ac1242989024c1f2f88eae75066,6072
0x49240961da23a1a6a09377ee79924a79ec6fd14e,6069
0xcac63bfd84f147f0ff1a1c77909ae2d2ee23a2c2,5999
0x73928dc29caf06dd68826c0ddabd69ad11819913,5957
0x0f9bf3af38bb6c90f1739f86314e731e23793825,5942
0x5855165cffd8023c48e57fef40113fe6134eba3c,5931
0x495649ab73acc35b12c0e41eac6a731241bd010e,5928
0x4a2dbede1c1f6016a4a688603356485bf4749058,5927
0x63b618eaf23d3eb9c761fc231afd2aa91a477a42,5867
0x6d51c468ad89de714a7205c4d2245c41c2ba261b,5796
0x3d7dbdb42a6f7e2758f9fda78f6b508ab06003ea,5776
0x1809dd0c0256bc90f38880281760dfe33b637fc0,5761
0x1f20ffd47432432765cf6a9d4f5a2d2881649c24,5761
0x7200be333d845f1761e3d1f6db8502bd4186600d,5591
0x7c2a8053a59298c06ca290573e4c46f7a7eea34a,5566
0x8405c528ce609d9ec829ef92a482b7ab6a53b60e,5544
0x97eb1251a0ef5aa42bfab649dc040b7e0e41a907,5544
0x52d3749434733d62791e91d656fcf164be69c58f,5495
0x0e18c28730eeeb19577880df3b79871580a55f6c,5428
0x1e7dd142e3f89f3abb88f07fe71344725c26f6ce,5424
0x42765a44019c6217b472a049f9b72bd181d9faeb,5398
0x07db74ae7d24b39df7954ca1fc7122e95714d496,5380
0xf693e95025f0dea3a8e0fe442b85643cb3aa44ab,5367
0x79e11028f7bad4157202b6255c456d826d3ebccc,5352
0x5cb21dc733745bb8b687a65111261ab855b833e5,5334
0xf641ece2f5ef56531478da4964ea862244a69341,5303
0xd00e6dad2d07ba83875a533c7d7f2bcc874e278c,5244
0x0cad008933a252a224320ee2b2b10b004563440e,5198
0x656e83c4a2991c8bb165c7aa3e96388383015d53,5184
0xfc2829fbb41ca0b5e30e75101981a8efecb3c949,5175
0x374f64f4f058f5eb7b25be8e189082a95cbaa833,5100
0xf18e46d5dfab23959e70242dd7ec258f94fb3ff8,5098
0x470fbb97d685214021fd7cb808ea93ea44597993,5088
0x9374c2f10aa6b001b76ce3711c508829c06095ca,5064
0xdb51ab7686b96cbb8e800729ef323281b1edf98d,5063
0xf77d5a52cb634b04680c2e907f95221ec33912c6,5060
0x6431465697dfc0f7e5cdc976aa298318b0dba4ea,5028
0x81aa1a1306f5581a1d01829b20dbf341a7581865,5015
0x15ebbc16eeb39729a0cbb8cf136b35459dd3efad,5013
0x343935306345934adb208422c9f4432684bbd7d6,4991
0x1c5aa944aab3dbf0c2219d0a206b9172c42c6456,4980
0xf0ce5d171c922265888aa485d2021a555adff1a9,4968
0x1432af1872c1a2e6fcfe3e211376f7acc74deb29,4967
0x35ec2966a2dc34f9d9d9628a505039b5763c1a45,4938
0xa250a6e5c98c779ce9bd526251af2942c54ab445,4934
0x1cb58cfd33587131369d7db48120ba568a1e61d9,4929
0xf4d419447c80e62fded453612f5c17b326a9bb11,4922
0xee3f30afe4b2a1d2ff3d8dd3e652ae03615fe071,4900
0x21ea42128cc2c661e8a30b67d031404737cb3fe9,4893
0xbb15bfb5bb7d509b902683c57855ea12533713a8,4893
0xeb07b84a66b6bf4c2b99d70be2ff0e2698b6cdad,4880
0x9047d7d076c857296456ac79abe0e22c532a2996,4871
0xe07be1dc3d57ff8958307e3503bb4daaa0b6ab58,4871
0xabc88fc4cecce4f68cbd970ba4a9f6e673bde4ca,4847
0xf452ac9ba631c2783da86a1a829f93806a6533f4,4799
0xb3ff27df29b1e0f113a3d54ad755dc56d91b858e,4785
0x27b1b5e92131383ece3cf11698ed6373e5d15cc9,4728
0xa12599a8a05942f3772ec3da1fa27288a3f9ec6a,4728
0xedcf75b6d9b8f0d8b11bcbeebaefb26628c199c5,4679
0xbf17e7745a24a0ea4fa94195fd04593074276a86,4674
0x3a885c7bd01b41d28acf60705146dac2d9e42412,4641
0xa500aaee181574547d4de69fcdad1b97b117ffd7,4599
0xff99012a107ab88b19a08b3d83a6fa2fb561e6d8,4554
0x06a0f03ed0a33d4a94d0e3bc065b6a766982673b,4550
0xaa5a2eab347f5278f6b5eccf57ff9ea59e04d67e,4536
0xfd19fa6982e6dd61f5f931f5a7ce2a146625e07a,4511
0x109458de4f9e610b93aa8ff64995347aec975b6b,4487
0x127c219b245a440eb271278bbccdc0145106da50,4462
0xbc5b97597964e58220587e72ed759d44d21a4bae,4462
0xe414f2e05c38fd74f339cfce4be77aed3c8daabf,4348
0x80a3e892328b66d007cef0a3893e8fa22a7eaf63,4320
0xf9744a94f8b501635776a1628c40272c9ec789da,4318
0xee21979937699c0386401a455b8932f33e255557,4278
0x0e0010d015c0b9279e23fa53e97294006871cdee,4257
0x2b3fbd3fa6cc322bf2cd9fb58faf540466b395b7,4255
0x05aa75638763bb16433c1ac6b9d8c2b0720b88cb,4248
0xb948444b1af66167dc5f56febe721c57336d37fc,4243
0x119ea33781162a7f87c934b9b130dfe2ad4574b6,4209
0x17d63bcb280bc3a9cbdf64bb7ed3e97287c30d30,4179
0x1f63b7f0844ebc4933a70bca0ab90b2d1c192beb,4143
0xae671d73ecb1097cc13f388137f26cd3558187a5,4128
0xd14021a7b8fba0cffa1e1fb65082f683e03202b1,4126
0x690d9d3e3137153c7ce595ae76cde6d684bca645,4056
0x327a73e983c8958d100563eb04d38593757a8cc7,4032
0x0cf2d4c39b88640f746b0694179604ecd076b4ae,4026
0xbb9b32cddd10b5a7ce96ed59aa5e0552231239c0,4024
0x3ad86ae5cd8dfd64997c78ff502cae9f8e64ec5d,3935
0xa246826ece585d11c2c7dbd07004847818ee0437,3910
0x0a240e19627041cd37363db323eed4992d623b0d,3887
0xefc0e0fb57430048b174cf86bb23367c7b050dca,3887
0xda72328bbd8a6ef80238a8dfd61b0bf61ab03148,3864
0x1a7a41736e8139087d1e78e52ddd099f5ae6c179,3863
0x21abad01d61a11f350d174a0cf590c4090eea08d,3839
0xe60aba016f9dcc53f1bee2c725483f28886b1e88,3837
0xf4d213daddcb68fa35aa66cc9cbe480295f9e62d,3789
0x6fb272eeb30a7fb6daab1d2f88c3641eae088977,3765
0xdd68cfb8a9128bf2f4144154e02f98251b49c63d,3762
0x956d030695b066d07181026de82773874d443ad8,3726
0x8caf13eb52c44d6fcd80bd2be37c98924b21c5d9,3699
0x4c6787f756a5fcd43bf4a303af7320a5a30538d5,3680
0x22f09d8e57e23f36f0a9c9d406ae8c2e8dc3d0c2,3665
0x56a84da372167842f338ce9634ca2427f6749c3a,3658
0xb4d4f0e476afe791b26b39985a65b1bc1bbacdca,3657
0x8a194e8511cac6e81c1815930a670e7b0cfaa9df,3656
0xd9182ef852eddb81386fe409ea9a82247554d93f,3648
0x1f73676c1d0a43bcc284c70835aa54f5c3139fe7,3633
0x98a736a4691bb3a0d4faacb5ec791ac8e73750e6,3624
0x7ee71beb873e9974c0f60cca0af91528314ebd9e,3623
0x8df69ef21d7cb92ae35baa34b3f937ade02b6511,3623
0x41c7eaedd22e5b48e55c9c003f643d586277884c,3604
0x271f0785cf223570c49bee727a0bd0956ff6cdeb,3600
0xe2eb7326a5440d6b4c02acb27546be694fdb0dd7,3552
0xf76334c608dea239457cbd724983905367d27b98,3550
0x3e7a581ad1257f260d4e9aa779aa7b95e03db7f9,3542
0x6a47df28ddebd92e9edf0b61b023aa3474c9bfca,3519
0x880c205096f62bd9da0f1acf3c34794789bbabe6,3519
0x7342266572775d7948f20817f092d99b375d4d3c,3503
0x497ca35644767749ca721db5b3fa55ff54dd4a33,3496
0x321862d64c0e966ea6c6fe7c2021b6facf91dab0,3479
0x81dbf75fd2477e4ea272b23e68ff72b136939de7,3478
0x7bef8e748c72f5df794137915b8270787f38fc97,3470
0x69cfb139def86210e8cb8a6cb2c0c8b550ea3841,3442
0x2d9bd968bdacc55d1353119cecec016158020438,3413
0x04d44ea42da64cea2f9f3f74f95ad29ad7daa916,3404
0x067a4d025f12e5952899e2029ba7936eab791b6e,3402
0x4e15422cac936d4d8213c83f9c5ba6dafe374806,3381
0x038018f79a349773d4d3e4692de3d8166693c0c8,3362
0xa233b74c816112ac15d7b0cf15f137ed8af2ce57,3358
0x3ad809d093c23073aed2ee5f6c21a9f59f2dc481,3350
0xb262d84079b7890b402fe07eb7005c52a0cd4a76,3336
0x57ca70e4bd188bf68de0338567cc7530b88215fb,3312
0x5dc4e978b5ae12bcce4d58f972cd2ea891389215,3312
0xaed9f2acfe5e2e86f540b430a2fac1cddb8b3c0f,3312
0xc92c3857cc480d6d4a843317453683f667b7cbfe,3312
0x5af25dc2efb41d373b809b8bdaa8a9319155d635,3289
0x2d895cef8a97ceb11de5080b56c5ce21e4fd138a,3288
0xe07682179b20e97609e9d36bb2898ed824a708cf,3288
0x384e0c98a4d3c0c1cc89ace69afbc2180c4f3b60,3287
0x58daf5717df52ef2700d0e491682b30e665f00e0,3283
0x9ad41f4a55a1e13e17e0c40ba744fbedbcdc6cb4,3264
0x330500f072b19639ee65838392e4d1a37ba77f56,3253
0x1f9d10e5b93c4f205c7f2e6476aea98544cdc55b,3243
0x7b0ab2d84b80d6f28e5f9d4b9a6340bd78e99e0e,3243
0x83a7a41a83b48b13aebdbafadd0abe427a679ec4,3243
0x78aaf57453bf8ca71e68b31c794419def988a2cd,3240
0xe7adf135c7989ab554e4a363783fd0d5ea495c61,3240
0xa39fc2c9c437f2e56901ccc6bd18ee1100c82686,3220
0x70144c7b524fedb6fd32d5a2d7dcbec04ff599e2,3214
0x2e495d766ca4aae658e2c8f2f7003476d57f018f,3210
0x9b38413ca6b00e09abea1a7b959857c7eae747a5,3197
0x776f68c57328b202170a77b41c45f75fc5c3732b,3187
0x15890521f72eff445862c96cc6efde7ea72b9be9,3182
0x2195b6e99a36fa3ddc0da4174a00460247125f6c,3174
0xd1c173dff480965add9d3d3becf24e2a826bcbaa,3174
0x009ecdc432ff1f3f04f6ce17282c0386f69ae2ca,3170
0x1fb22093e84529fbea92c66221ce6b34885a9568,3143
0xa304ef14ae6e2d0221ad0c9499989a1ac7cd73f2,3143
0x029b3172b2ebd577ff854c83f58211045615a758,3120
0x7bdd9545ec59f2f5180e68efa0bdfdf439e5ff33,3115
0x3157612b00f1ecd298413a588d4d0e991dfef15d,3109
0xe27b83faf1363c116b361aacde9f6a1687018bc7,3105
0xf3ec68ce18113c20441c4743966d7c3f2a5e4ca9,3105
0x5c790d30f7b11d9ca6958091c15a1e78de38a2c0,3096
0xfcda5d8f129b27aac60f1dd4bdcb35918421016b,3064
0xb2845dc0c5fd3fbd44c64cccd6f525bbe3e7aee6,3043
0x7f169c7f83b1d1a911c621ab81a6a62dd9031da0,3040
0xae2c7844daae01fd3469205fa4c97357653cccb2,3013
0x6e9e0e665e926861f1f791e2693c4f52cc3b1925,3000
0xe42deabff35954c7acb34d33cafa3182a4afe894,2975
0x00f01d114800a28291d1ffb1a7821159f0129b8e,2949
0x978357ddf6ca1aecb02906590729f0afe86f7af5,2944
0x975066060557c33f9b83f06c7b18851c9b5d05ac,2913
0xbc03136095805889d90b13870511fae39b715d5f,2904
0xbf46459e9fb30efb5b5ec53a271428ad5f530f2e,2903
0xaa49c686e4ea416b592d47585fe83673b251efc4,2887
0x5053a01e47afb8c178637b56abe2ee85f38f0018,2875
0x9eeee3aae3db3433fa302c321bab449b449d7686,2864
0x186fd72da183d312f96dbfffb31416d6243c49a2,2856
0xf18ac5eacbba4f4a294673a8cd590621ab95b5d5,2852
0x07898f033bed2924cbb703a19eefc63e461d0a0b,2844
0x7220845b7a8ddcb445bc354ed6bc4b6fa5b0eccc,2835
0xf195faa0602f8b6537a3ae6a30c4ed618fdb21ed,2831
0x4e33bbee434d0b5efa46866b082c42de2dfb6b9c,2808
0x8ddb908c77ccc9cfde28ddf84311cb6fdf3f3125,2800
0x189e69aff130dd5e351baf5e530d4e4bdfd40ba3,2768
0x62641f2d2b4ffa6caaf0748b6252353c37d4a3c3,2760
0xc2e331409e0829fc2825e6aea43b72e56d7aa322,2760
0xc4f5ba79ba9af3b100fc6d48876637ad849461a2,2760
0xe605f0c88deb3697c0cf284a79f1f2dbcc52cc3b,2737
0xe68c25e86fe22979825bc75ece6ab0219b8e88f7,2735
0x3536e3a482ad1e419c090ad62b0028ed66ae15f9,2719
0xb201366978db44a94b0523949054b28ea043faee,2714
0xd8bb921961a09f0f29a4aa0a807f562a3306ba84,2704
0xc4d72757cc238633d768e5135a6b0cbdf5832642,2690
0x51a571192ab62793d78fc55bc7bdd7a11bf47fdf,2689
0x61a0d43ed1520966090a53666c4e48d947a1b995,2688
0xff31898b480133cf417919ab55025343781cc08b,2664
0x9974207974a3f7c45b50603538a13e925f99da93,2655
0x419a86154fe29119b520af4e20cbe1c363df8412,2646
0x0392ae5f3b35eaa9cf4148368366e158dab3a14c,2645
0x36e7be3a9dede64541efdc6856fce173624cb469,2625
0xb8a068fcafc988efe8ac8e8db5d81bcf0da31a1e,2616
0xeab482c783e7148a9e9561fef8d800c0c51d71a6,2616
0xcb25025b5ea80142f35724fb7ff811fa5c97e74a,2612
0x1aa8f705f248d62e89fe6403f0dd5574e4a0aeb0,2603
0x1e63a4e2c87efac5eb240659045e45b2077626ce,2602
0x6488ddd7d6ee3d688b413ae9832066c6f66b4762,2599
0x3dbaf12f91d761ec3fb53c2c20369c2f3285e110,2592
0x97039df9d0c64ae3cb22bcc06d00bcad74cb5203,2592
0x02a0f632cfbfd45f788a0d31fc228d4fea37f1b6,2591
0x50218ae4e32f661c370cccb75f0468e9dcfbf214,2591
0x6bdb0fdd1f72d514e348a278149666d161e00290,2589
0x750535fbbf0aaa19e94124b3f1a53d12bc703a77,2576
0x259762e379ae7ad6f74375781d7c9598cf3facdc,2562
0x75ef5ccef874fbe010d791c05157f3634c060109,2556
0x04b5eacc5676d9666de75b138b5f38192fef621a,2553
0x2ab0108ef3d9eb1762c8003c446d4eb739d205f0,2553
0xecab1be22958bf8e772dadcf9c04201152589c24,2544
0x67009570a2e51607f23a5e5cfb563dd615b3c19b,2543
0x9b58f2dfbcf6a05d428efa2ab3caba9e665fa1a2,2540
0x20936a11c17199c3eedf08d071279f386e319cc3,2530
0x7799220f61756e51c6da744a63e331660539247b,2530
0x41dfeef51047f7c61efacf37e6db2df206b974fe,2520
0xaee7bd7e4ca2002e72107dbc5cce5956cf350052,2507
0xc73652a63eea6e49600b0f53e17068b629dcefab,2507
0xa211e1ddd7cef8cd6a6507a21e33b8b81902c9ad,2496
0xb6e6f355af9af63bd5b3fa4edf1357eba8353f52,2496
0xc237449e8241c5224efcace4f18aea7e67aaf00d,2496
0x6c82eee45d27b54b31a5d7e192a3bb851caaab65,2486
0x8d3788dc655ef8c5da6b5e3ffd5f366bd29df856,2483
0xbda02bb8280780de4d3e0f0a247a41c98f3f10a9,2472
0x2ddd4bf6c6e6c78ec164b3f762d6316c3555b66c,2471
0x844ef75da499e66a2a1d98ac3283b40ec85f45f7,2471
0x1d6ea450f99c04495537f71de5792cb3e97f9041,2448
0x34ea9e8fe12b74cc5a3febc0edcd1b88be25887c,2448
0x4a7adca0f90b53afcf765236c19e2eaca96c4cc3,2444
0x549e9ca92249484b49586dd62d853f4404475541,2424
0x137250c22f527642a7391d9f306b43bb9cfdf676,2415
0xe2971c15a016ec7a058daac844429dfbcab7decb,2406
0xbf23bb178502f31c08cabe0227df1e0f70495501,2387
0x83fbc93a22676536d1cbb62af82dd3c482d45aa5,2385
0x097d4b9d382c96e4dc16983510c4caf80530f84d,2376
0x7455422abdaf3f50802897375dbb569d66a67c7b,2376
0xed220b9ab3361fb06e5382ed7e75cd5485ceb6c9,2376
0xfc66d69a2aec9c09d756181a17a9c534974f4a80,2376
0xb263200d7037dbe1f63b1be8a59d7d5debfd70ee,2375
0x5cc8c0217e0c6ad8ee9af25bf0aaba921b4cdc22,2369
0xfb66e7d2e9da45a2b74b18203114e27aab880132,2362
0x272788f11b180cbae3ef58b5c25ec83932e955d7,2349
0x4127ba4d9084a13b527bf21a28820c7fa21f2d7c,2346
0x62cc3ea6c5fc4c61743f58f0f17a991c397a001b,2339
0xc273a8e706dff8baed4e5cf75e8528ea47a8bfb8,2337
0x01c344f461be873c942da998f081a58c53dcc2cc,2328
0xac8a88ab7e3b8aac5d28184e62746757943c017c,2327
0xb3557634ef6425dc333fd3a003184f61ad8d6241,2322
0xaaf2ec5f411f90d65ec9595b92c196d9dff06150,2306
0x5bb2a6e7d426f2f64aac06bded6d18ce18db67fb,2304
0x73eef6946eda5cac5dd0b539571513d3b2e63f5c,2304
0xb7ea8190158ab7e6669f244372d10d97ff9a735a,2300
0xe21e986e7370fc0d4f894e3fb442e2118cfb37a9,2295
0xc62c734f64ac97418960b9d3e0a9745588202251,2280
0x6f006032ccd8e16ec306ea33be596e6bbbd6159b,2255
0x10a28632a3133536b4d0f5aad2e96b5f8b7d9a84,2242
0xc85259fbb3e7c30ab8c7b0df97ea8e8d911011af,2234
0xbee651145acd356660bdc075728f1d3edd625db2,2228
0x0d8107aacce6fc5dac2d0febd1cc9eb15dcc0fb1,2223
0xec410e975682f2156ac3e2b207d0f4e5cc3a8d91,2210
0x07f66971fbd49e426b7cd9053eefb58e76e64709,2208
0x0a93a202f275b22769569be7b51eb8b4aa0c7eb9,2207
0x832a38a79bdfcf2be39f43932ddd1c4803eadc48,2207
0xdc867c435c391780a37b888ff7268b67675b0caf,2184
0xe3978fb1dc787c75778b5b1b56ef53a1dce42c2b,2184
0xfc4348684823558bf55194c1d55e70ec42f5f958,2184
0x1f8cf587a0fc098f5ba771ba3b97579f52b8bbcb,2160
0x222126dca5801dbc04a54adfb7a7d30bd580946c,2159
0xcd716f76066519a87d668f82a69bb14b688ab18d,2156
0x25c119d194d643b44883356dc4771daad9623c2a,2152
0x023690410f4dfb2c8080aea30052bae9ee4165d0,2136
0x2dc4d5193a3cdceeb3e0e29755c3851a03e9ad14,2136
0xc64e0c63989f7183698136a327c5c04d61159acd,2136
0xc984cbfad83ec608f05856837876c4ea4b25fc40,2135
0x48cfdaab2a598ed4bfc7ccd12e2f222e69c7d716,2132
0xd70464a147925dde45821d92e07a49082107b862,2116
0x9981ff0494aa074b5dcea8881c3b384d9fd5536e,2112
0x2d52676f635f53811ac998746b9bd7b3270de19b,2087
0x960ac2fd49b2088cfbb385fed12adb4d78429928,2084
0x8ec7c104515c5c73a6387649ff0b20bcabc648b6,2069
0x6fbc49156abd010d6ef4933c7ca218ee8874d8f4,2063
0xa50548d1f43c9c3dfcb556ca35ba5d4de730592a,2063
0x8d85551946d39c5bd6b6b89bbe54b138b14440f8,2047
0x6d7d11ce3bc280a14bbe795db735b7d307d337bd,2040
0xe20dbe7f8384bb80e1ce90c0045fcc0e37b0f58a,2040
0xf37f2319613b94aa7b77644fc847699221b4efe0,2040
0xffec16f15524b384b22c2b593fdb4060fe8fedaf,2039
0x2b8e624a8ebb0bd4a63c7709cfdbf57bd33fe863,2024
0x578067fced2c2101d6f96055b930b0db683af9ce,2024
0xbd302731d832478792f9b1c7c5e7e6ed28fa9404,2019
0x052a82e9dc8b182d66cacc609e3b5d6d9f8870f7,2016
0xbd8bad2dcdd665035fcd2a30f39029435d9466bb,2016
0xc1d6d8bf333d993e5ccdf7a751a1e897e82d1259,2016
0xc753d2b398281d303559b6abbd7742102468bb70,2016
0x84d9938cb235f5df62aef5cb2e2d6ac102aa1d7b,2010
0x30be959edf33ed35109a41ce10fa5e475d9a0add,1992
0x7ed62a8f9957ba3df63b11753ff2669cc66ae208,1992
0xa85452409c2211a2718ff7022ec3550aadf089c6,1992
0xee698748ff7fb6a01d33db42564f0f0622fca408,1992
0x58a3186b9d859dfdadbf7de996282d5e0bd8ddd2,1988
0x4188e101835cfcac78f304a717ae8f08a2ea51e1,1970
0xc73e2b97d571664856493cfb4e375589ced32a44,1968
0xa2dcb52f5cf34a84a2ebfb7d937f7051ae4c697b,1944
0xe79f499fe6f7923a056b2ccf24587db3939c3daa,1944
0x750b74ad7ef5362e39c44d947de456d222dc8e9b,1941
0x0bd52802d0c6bc06de6032a9dd44918cd6ea7b63,1932
0x1cd4124abbbd64f7899cac87249961288ba146e3,1920
0xd3cb0d11afa990a13171c1e23241587c8c362e89,1920
0x38f2fade9eae6bcfcc416b66416eff4198e2f8c8,1919
0x73bf1dce34aca58c996e489d7c2fd31349f2d9b0,1911
0x3aac34bd351d9b25e5ed58f9bc7f8337649c22f8,1909
0xcf9753f94e5f539ab2bea4582bfbe3d67dcc762b,1909
0xc49b6c714feaf22b12eb02a01521dab6edd1fcbd,1900
0x86e7dbc6575b53683ff70e9e0920b974212b9b70,1896
0xfb93356b1a7e9e58a59eb856bdeaa97a082fce00,1896
0xe92fe2025de501bc22dd44a68327c5223c5c3cb4,1895
0x8f73ec6c62dee6ac418524bf267dde717a736e29,1890
0xea9446e20c08688e7e048b51a5231ea0ddc20b4a,1880
0x81d3fc40f1030d1c00b4d9e1233b9ddbaf69b574,1872
0x91c9c38831793ee8809d89687ac1eafd0c27930d,1872
0xe0a9811c85e6e22e098aeb17b417f85a7bb62508,1872
0xf6bb41409708cd877d2685519bba3c82b2412803,1872
0x6f74a560ab3ef9a9362549c3010427f282829228,1868
0x0bd8009056d053d156a5274059678eb680231131,1863
0xfb75398e96fd063212c21e10140fce765fde0782,1855
0x29ef26c45f7387e036808105bcf06c4cc1498635,1854
0x2f955e3ffdae2fbab7f870f0a3dddc11ff0ef199,1847
0xaecd4991bd2ace684e7966d358799f4944f5512b,1840
0x8c6f8505cfc2fddb7c589b81a99fccadbe148b95,1824
0xe673012daa4cb3bc6a4e7892d9a94f3fb5fe722b,1824
0x60b8a65b44ad863f55d1e13b57250463c99aff09,1823
0x2e5254712cb109a8e0626e84f5241e3c44faf2fd,1800
0x83a97ee64d4ea4b5dfe9d262e67dff9f802bfb07,1800
0x8fc09b0ca1db3305470802fd371a447f6061a769,1800
0xaa1a4565f2d875995d85e8d52e7193c666e20c04,1800
0xb76dbdaddfb48f535d345b1ea80af4756d2b0f44,1800
0xd4f588043590a1573e96e170b9ab5da4cacd993d,1800
0xac1d06dc942e153c112b0e332736dcd6eab5ba07,1797
0xdfbcdd9bd998023b109198b0a729c91cfce4b9ae,1781
0x4db43451ac26355e513fe1e8215a05f54cd741f7,1776
0x8ff2932fedaa277e0a492868706961c31c60a7bc,1776
0xe97a6707abc6c5d692a3009fcf6d429c35334992,1776
0x1ee4be8f208b1ce6158b66e9fd868ebea32ad892,1771
0x351cf08357e1615d716faa09b5267b5a4f568d2a,1771
0x4f08f7fdbceb9d918446998fa6422ae2aa1334b9,1771
0x9070edf8cc45f8cd8b539e83574db7f4eb069fab,1768
0x406a5323896de9ca409aa1d68250da53536ab8cc,1758
0x1dbe723b58c58b8492cdcab827454a2ff7a8ea25,1752
0x28ff860582e89eb48292f3b74ceea4be3ff897ff,1752
0x44a522f5cd5569f7d1feb7e011ee954b7c9b9ab3,1752
0x80d85a65992311ddaf9c3960116dce3b562d4c67,1748
0x87b9f8d87a8c0734f5e12907e7122a1c1ecccf62,1743
0x0431390860994fbb092c8f6635188e3563a7db29,1728
0x2a799fb09e19511fb10aa045595447d97b46b592,1728
0x7685e07e941cf9b92cde1033bb31097cd5265990,1728
0x140e8e46509e91324dd3fa6e0b5616c8310cce72,1725
0xc770538f1bb0f9fc1d5cb92221a747199d1585be,1725
0x0445b78dc22fb9686dc1458312d298c7e8c3012d,1720
0xa5a7d406f06a3c65a06fc46ab616d255e61925c7,1712
0x5c96d2b8951888528cbd7cee66251a0bdac5498f,1704
0x8050a763cf42f60e64dbdbc1bd3f584917b357ce,1704
0x8f76300da80ef04f1cd4767f9d3c1b70f22e2c96,1704
0xa76da385ae9537b440ce301642f81d053d3a1c95,1704
0xec74bbfbf843610b7d57ed5859c2a017f3de3218,1704
0xf968e1a2144d6f7fb5448607ee154892e353c709,1704
0x157252999170cd6dd90a586f8ca458d01082e622,1702
0x1e71946df811a04da10775621d439df0105668fd,1702
0x1ffee537f3ff77794808d61caf12b05bce7bda8b,1702
0x22530821269bb709907fdd1e149d8d203b652151,1702
0x6507760424ca88742ef5439829ca8fc52b4f7b3b,1702
0x6dd5cb630e707f0a7ed6a123bb1936b3f7d6e1c1,1702
0xb04badc3ddb7e74072ab0108329f9a1202884292,1702
0xe4fd506e8d2907f91b37d7917ca7a66615f61ad9,1702
0xe56ebb624285aca3a910d24118152ecc50c1521f,1702
0xd1aa5a28d7c513a2b3082f7e6c5db02d6e9f91b2,1701
0x20aece00bae773846a29872ca559e9eae365f461,1680
0xa4cc1baef7f7def572fc616cb22aaa554c55abe3,1680
0xb7592178b9208b9ff38e76e4bd3f0c77d1102b3f,1680
0xfd2bc3641e4e8f5fe52a468cd0fd7e1867aef3b1,1680
0x16461ed038eb97be5a483c8a1618ce71b71a4ac8,1679
0xbd30e8d23ca90723f6c87e6f00be9f50b115770f,1679
0xd3abc1a5483809fbde47cab669f7331b9c7e2545,1679
0x36f8ed20fb4ac884a4e76c442df910ffb835bd13,1672
0x81827e9ee5d74d6436455bfba294361378fda274,1659
0x22a972c0def74d6cf291bc1431ed6256ea2be605,1656
0x479efaa5cc5f9949ef64c0e8db3cba945aea3ffb,1656
0x7cd13ada0b4cff8c1ca7a1a2d63015ff58c3f340,1656
0x9a7012b17e700c604df6889d364fdbe78cc7f032,1656
0xdcace5015c70b11668f910de01e6e1271c90f236,1656
0x2a7a264b2c86f8d1a5dc61f2cb230846f3ef4c07,1655
0xbee73332ea27e2b6a36083691a3f643927375c33,1655
0x03667d66f42242d5f45145df1596dea9ea12d3b0,1654
0x7a1f527d16a11c484143f1baa0b8ab8d7d85537e,1650
0x16d50b50c827e097f85b8370b3befb5308afb2b1,1633
0xf9af4541c70439ce5b533b14b411e58a033d227c,1632
0xc9917d67a4f7bc0ae18c3d4ec74003a39d8dc210,1616
0x001576a667eb3d8331034303fe68f4e44b168d5b,1610
0x0d5db65fdf6792032050a91343cc36b3d3701c1c,1610
0x637a21d3a830b2181741e9bb7e8c947ea0a4b6a4,1610
0x678f012b57731d9b97858a3cae9aa93e82c73d1b,1610
0x72b6f181dab2722701ba2a21404b7c83911150a0,1610
0xfc797d9d38d7cf34f92247104d9b546d80f92f83,1610
0x075669b8d58c2aac5fce9701a1d2d49193c03f27,1587
0x7435a0e7164ca69b36ab6983944a59e44eefc6fe,1587
0xfd387faa9c002d8d773c88534a4f01c599320e83,1587
0x9a3daebeb6b42f4216a70dc7a38e6649dd4a4ec4,1584
0x6f31e3f0669d0cae88d2b025cb426282669ed0a8,1568
0xe1bfdc43533e6c6a04ca581ed6d48be1268eb6f1,1562
0x2205ab632de42d7381c613f33c12ccadd80fdd38,1561
0x7e70f2c4c0f721e0029ae3532c4e70c7f90cf198,1560
0xc882afaa9fe1718165e9a378a673f21f80f4b51b,1560
0xc59f2f1925d80d01f108e1254cabe0e728a5ee2f,1559
0x1faebb15392dd06949fbf775372fc396e76b8502,1536
0x2ab0ac0142ae32647c0f1bdd410bc031bb2374ce,1536
0x7b3481d9aca37b300526dee5a6aac87c56c67654,1536
0x8f9750d531586d50a1285ba89a14a64a26bc37bd,1536
0xd7806c262ea5e3928d0970e2a0f19e931f9ed1af,1536
0x5a4f7e34fcb826aee76c9dc5b3615fd8db796a00,1535
0x9dab0afd75400cd76a0b008edaae1ec98bd6e0f6,1535
0xd47e48a97be6917e6ed3d85aa3bb23d7ee4c9d55,1522
0x89d956deea332825e8622ef0b21eb85419e8ec0f,1518
0xd65c5d632e20ff88a839015973918e52dbd181f8,1515
0x7470f1640bd49847d83f4dfebde23d2b96e8388d,1512
0x064c21b6c8b5bc4d52ef4a443a0a7dddfd615cf8,1488
0x7c21d13217f40e9fe74e428d18acae02569eaed8,1472
0x3239cf7231a271c056c71e4448ae890a9df1eda2,1464
0x52ac32199774d00476ad9eb8507019ad88332d15,1464
0x94e975f585840fd803009b38e8aab2ac5c8f3c38,1464
0xefe022d6c32cc87671f4ce9bc6757f28ce07eb56,1464
0x3d12fe47710a5986fb9dbd0dd964153880aada95,1440
0xe94fdc8316043572f23ab891217c430fc75bc09b,1440
0x53093da30ec907e2510f2b67ddf4ac6ff03f0b51,1439
0xe2bd02a2e8dea42d79450301f9511027c295a63b,1433
0x8e5d7f446a3ddce5e21de37a0edfa91065993817,1426
0x8439c5565cff9a890d53ddc76f5273fc6b00fc67,1418
0x1933a3602d1ad20840dc198946803e0ab2b49d06,1416
0x453384c00f601509180b1a3f84c457f5bc9315d5,1416
0xe47af8c827e5c082cdcb7b583d4fe5affc4cd339,1416
0xce5080efeaef07feccfd39f37ba1c245f9dad5fc,1408
0xf7aa18b2e257796a32cd4f086ee2f73e77c49a93,1408
0x57c7c5b1f3b5571270c343fffd15193ec7e839c7,1403
0x76d5cfb6a016ca20233d34c53a262f2d0c83f169,1401
0xae38f764777c3a97a6d811d856d646602a9bef03,1392
0xdbad98be2cc29a6adc68f6673dfcb9e2aa1df808,1392
0xf780301902d189be0086a0a9f584ca1253b7b512,1392
0xf8b538259fe69ea3aed9ae2f5e4ac1514d712921,1392
0xf7e7846545d6a2e4ecb4e25d84c5d0da803d5e5a,1390
0x18085025c2269d74d84e4d2c490f207814b72f70,1388
0xe012a5f50931705742d80732cbdfd33685e256d1,1388
0xf8170c2afa4331b35e5d8392ff38f1f8b4de80af,1379
0x5da8b730bb86d8aab5a85f0e8ed84b3e0450534c,1375
0x5f9246caa3ca173e512b07c71ca7d5ac8a3d87d7,1368
0x81382cd5e6e6e929c11c6b655e0dd03b348723cb,1368
0x63cad78066b28c58f29f58a4f55827b2c2259776,1367
0x2ae94c02a869e893c142dbd943b1571ed304c04d,1357
0x3a7a731e034ea2a48b7540b6fe5f361a05efb65b,1357
0x6e41490843a616e7eb95e389901196d02cc514b0,1357
0xaa27c1bebee27d18740d4e33bc759bc2a62c16ba,1357
0xf58e6741ebf56a90e1e1127356448c49b837e1e9,1357
0x822a3f9d570bf10e1f2f7f2ede72c6f2467072db,1344
0x673c0eb224c37023d7b2f33a626fe53f23c41edd,1334
0x6dae63632c2e6ad72f037a685bc528f0be1715d9,1320
0xa7413f89733eeb99817e791688a78973e431e91b,1320
0xe8e073641ceba9655a74bd8b582f00352945672e,1320
0x4bfc9044b03c1521142f650541d9bcf071b752a4,1319
0xd60b43bf4057fd764d9a21c8142acf43805b1096,1319
0x35bda3f7d38b4b7dd2edc41458230b78415fdfc1,1305
0x424204031a736b63e590ce5e2a9c9a25c5855f43,1296
0xc92e3476e208f88b91e73015fa83bea7c0e1014b,1296
0xee0ae1476da26d0715b2bee76ab862656c106ff8,1296
0x91962586c46ccf6fb53dad1f40d50ea20dee08b3,1288
0xd5216145338bef5647fe69af0844bafefce4d6b2,1284
0x86b7593ebf8fda58233f1f6eb356595be8541f7a,1271
0xb1d7d8135090a8adeeb34ccdb524f089b56bc27f,1259
0x062e15b895dfa2466c06617d15411340f7d04076,1248
0x00ae75769d50b64471fbb602d94e163af8cca157,1224
0x310630f23b7acc7e55d46a22750872ee5d9d23fb,1224
0x65b928e80cf2f63c06f27cec051b41c42d208a45,1224
0x76efa280afd9ed9274fd01f448efbad011d24c8a,1224
0xf642c352a3bf41157b1df0ac3be5fe23a80508b1,1220
0xcb2645430bbc3c53ed48c8eb91c7d3c7d53d8c43,1212
0xd018fd50b1f486ccfc9b1588d6bc0e74f1636c3e,1204
0xe9425c883ac437074cf6bacc318b6e5a68e1a12c,1202
0x9a01f3e1b37be49d43292e2593b3e5c2297bce07,1200
0xa0d7543c11f78cbb3498399afd562b281d7953d0,1200
0xdf7d04e4deb21fa75e84c5b2ab09b658a82c32b3,1200
0xa150584a50a76361639325cbf199719a480ae80c,1196
0xf39fd3cc82c1458f39a4715b9c6ba167d2c8a887,1196
0xf77df177a3a05d8d5ff0a75f87bd327e486a0129,1195
0x70af590644dbdcde7cfbc876bda7c8ba5fca7de0,1179
0x19b1f01bc32fe6a54d662a33e920272c77987673,1178
0x6fe7dea3842ab8c857968bbce931d72488996eba,1176
0x67a13593779f52655091f0ebb109fa6fb6b495f1,1173
0x815062683d44b7d2cb7cc98f105631a2a1e64c0c,1173
0xcd028b215f4aa8e86fe014db93bdbc9318b1638b,1173
0xa06fb74c0e0cc589978aa606fb18737d56038a10,1152
0xb5b453fd38a9a3b74fc9cda1d601efcc1092bcaf,1152
0xdcf2acb2ff5175a74b80883a40a40e2aa6e79b4a,1152
0xbee8102a3a8bb70fdfe2cb23097f4dd8b6268641,1150
0x47c73a59d1c95cf78a4bcbc8a4fa91be64adf4c3,1141
0xd5db86180abb0300334347a6a57bd318ffa7aebc,1131
0x1a76e55ff121261d098cea791fd1be3cb25e98ba,1128
0x3ce8fd763d2148fab2b2d55f81f28aab56ae7dce,1127
0xd7f155714f8a8acfeba63c87637cb921d2426d4f,1122
0x3d2a7ee1c6003dd23613122a41eb144030353f5c,1104
0x9e912ba1ce059ceca9499ec9ec703b12d32cb50c,1104
0xe2e1b80ee82a149dbf09c3883cd755bc73457bc5,1104
0xe909a74af2d25fab24db5f9b7b008a23bb510342,1104
0x91bf286b870bf30661a932a976de6da1b156d8bb,1093
0x9e2d2a783274c81337fec2e2897fee5ec614cca0,1092
0x59d9502e6d7d37afb527dacc44ed7000f31b5e5b,1088
0x13eae4742e041e8b4ef7b90b789076e725b1ec33,1081
0xb4b461ceac51864c770ebab69f0b21620a67bfd9,1081
0x7062a6c977f918629d18d6a67765b8a05426e786,1080
0xad3ea70309ab3b1b56ee3049df1a2fb9bd90ab61,1080
0xd11d46858534cf73978b86db43f7f398fdedf421,1080
0x1249d9b3ddb50e30cb7ee62d9a5a019fa5170c90,1056
0x4e75aa1acbe15a233524d7db0ab563ced9f54d8d,1056
0x86e111d9e4c8266f9f5fdc3b93bb860a10f6ddcb,1056
0xdc264db8433a6053b83cc85b937a7fbde84770c2,1056
0x59406afe6998dc162a90b2e226bd308efe612adc,1055
0x6f9bb7e454f5b3eb2310343f0e99269dc2bb8a1d,1050
0x6113ad7349486f9dac47d2277468078447555e7e,1041
0x719981f553ffacb264697f50cbd2014966fbbfbd,1035
0x76dc8f2d4110f981a5ad60610a1c31a6f1589130,1035
0xa0e29694931890aa5515647ce32225ff5268147e,1035
0x064e75265a8508611639f1b5934965bac5fa0c11,1032
0x1b3bcf91c2456230a316542b1a936e43c1d2ca86,1032
0x569041bdc9542f3b8bf02887b01e199e0499e4b5,1032
0x7e22a8afe55504331ae615bf740690e9c0cf4fd7,1032
0xc51e23a93258c66aef43801f5cb9801bc73e898b,1032
0xeba35cebfb6abd1e3df132d7f00ea14d0fc50617,1032
0xf284f09071d7573e2b68f0a89f00aac7d391ac8f,1032
0xb06094638e32c8f0a7ab9bbcf28a106100e8c316,1029
0xfa4f5574f026a770e1c27b225068775069297c84,1025
0x02ad0b900363576513a1a23bfda7fc3b4b52fcc0,1023
0x926db1a9a89bf6fe0398eaacff0df82140a333b3,1012
0x0da417575b0a84812de4260f897786631b8116ab,1008
0x1e13eed2235c573e34b22ad61cf50b7cc2ea05b6,1008
0x82db7cd74ac1b3bbd5e00db323a0aa8597f691ef,1008
0xa0d96549540ad6d74c1828a096fb855b7b5f47f6,1008
0xb8c6b1996434f7be0646618730622d3e3605709b,1008
0xcf2eb7abcc4e0a2f12bdfe6b054c85e8962b1a41,996
0xdd2e957b8f560b04bbb7b5af276a4ff9d65abdee,990
0xf65a4222973a1962066c272812be9aa7501c7afd,990
0x72424d50f365e71dfdc95062214d138d7014cc19,989
0xaa9197e39b1aaa2e2cd0a00ddf4fcf13e072c125,989
0xf3a9c5d5d5109f999f80ae5a9dd177dfa9bc3e25,989
0x40bbad87e084932cf3095d67fef16c03142a0768,987
0x5ab5ab65cc647f9d4c0df059a9508b6e7256b7e0,984
0x667289dea83b4c00ae4068939a2abd4b3dc7e824,984
0xd0d1fc51453862f9f347a48ce8b49e40a7f60c07,984
0xa32be1967810e35289852fd7ed3247191bd61b3a,983
0xd554876375195a7f7fe6db255fbd18e055900181,979
0xc9155579b2de6a6d07393961a4839a5e3661ac73,975
0x7b3ebf545aa6761e73b6de18086523123491192a,971
0x8da019abecb21524104fc50e231f4b5f66619209,970
0x86a3e0ac832e73ac199c11ed1a47cd918afc8ac2,966
0x11750cd844505d9d78c453f0984c638b0b145446,960
0xb75d4e778e6fccc82aa1c0fdbdb57ff5cfbfc9d1,960
0x15d5bd8598fc4ba33899d86437f33b28969fc8e0,945
0x22dea82de0a16034e8c1a5a7ec5aab2f44dbfa1b,944
0x6dd879ea2b1d40928ac2f78b6d8b8aa19abbc738,936
0xb763286999517a193cabe5e004560cc4cda95f51,936
0x4a671f88d4382e97d0feb8c567c120105e34326f,930
0x58dccfe381b34041b0f505c6e4f460da9a99e1bf,927
0x732a14d8196c401e58afa2e75c761230dc530674,924
0xa61c03f37d4da06a22cef1dcd9c77888b6fec41a,924
0x0ae782f77bb67abe8e7391ebc3f0bcb10455d0e0,921
0x12efbe0ffe18499bc45e334374f2da593341e542,920
0x8f6a252a431126d91a67d183bf14e96b69112e0a,916
0x2ed5dc6ba2a3f1aca70415a7e64a84753504680f,912
0x5a71f017a120c14f9928a08f66fa118053cdaf0c,912
0x7b74e0c25f41f792213822642edb668858406443,912
0xc181ed6f4734be4c93fd1aeade3bdd7f1a6daffe,912
0xde75478008e5b50467940aeefb4303a59d312ba4,912
0xfb0ce0f5a2058afab7db25730b42076e1abe19bc,909
0xdd687a238a881a4bae6102d61f8e3f9ee7bd7a5b,901
0x0e1e31cd2728927a690fd8b26da3c32043706616,899
0x954af0920a6f67e796ef14f831663fda0748f190,899
0x4b17e1e937771e365ce376ee90e44db422a20757,898
0x605d77ba64a3a6c84fbcadf8fb23deac34efb1c0,897
0xb819b99a1267e41aeeb11fcb2c857450f25406fe,897
0xf7a22c5dfd63f2c0c6740ec84aa2a74962628d2b,888
0xff3fc772434505abff38eecde3c689d4b0254528,888
0x2b13b384b9da5a31a00816b7735300c4ba74be5d,874
0xd16e4b5975d641a57fbfef3d1ce3e7cd03e8549f,874
0xd34e4e68eb9be68aa94aa5af43c9280db468adea,874
0x0103c440765039fd90c4d41db564b21f9bc0c82a,864
0x1f9729e7dcfe6cf640463a1e40688a5c05c364ef,864
0x8a6db7ead69e2376e5079fb5c4d0883d27f32751,864
0xbe631513a5ea0f51e730ed276488a7336f5bd142,864
0xd57d74c68875e9981b05e23d2684459c8c92ea43,864
0xc666f069c0eb16b42f10b216542073d8e0a8c2b3,851
0x0a17e467411b8d19906742386224784b95adab43,840
0x1ed9d10d1bfbc99eb97b1cd5c184aafca2c1643c,840
0x4306932a32bbce3915cf5abf73469804e1bfc27d,840
0x5cf009cce6bc9cfd7671aeabbd0e6ec602b38d5e,840
0x6c02e947d85d7c0bdbd5264a4061e34d22016ec1,836
0xd6689ae7fe31ddace3688ed6803f2d10ba2e1aa0,836
0x06f5020d7fe2c2118f49177cb57e55fc22b67233,828
0xc4ae4807ce327a70af33972a561e736f97d33347,828
0xfbc9404631edd833ffa15f8ac241810cf3ae1f4d,827
0x3287c89c35871a98e281a1d2f5c570a05c3d9157,816
0x3e11b614ff49784bfe84e6f31d4ff190d08a5195,816
0x57a1c11a31eee9b2218edcbc00d6a3bc4a0405bb,816
0x76bcf4a47e93a29317f06e4fae119394310bf90d,816
0xc188c82160b5e50a722210758f567e46d06fea82,816
0xcc698272e39bda63fee9ec99036c80d5a711f733,816
0xec8ea6a53a81b85dcf90208d40b245312ab436fc,816
0xda230f59045e8d969f7f181ca8c9ffb0b8eab38e,814
0xe0b306c243ce9806d5590bf0028e0c351a4f2e16,805
0xece8fe4eeb9a68995d6ed0b40eb3f75043019890,805
0xeee9985e2f98b304bb652f7dab83a446e773f373,805
0x3309a32e10c9c3042349005e4d36c4a324a4cf0b,794
0x228b169a0f1b9fab036131d5f47f84e8430e86db,792
0x2b0f491d990d7b5d425df5769fc8ecb28097c2e1,792
0xc4ef267a41ec434cd6c8d851419965d0a400b33f,792
0xa1360785e16c59d796505aa56b6d8eb145a323a9,787
0x0dfdf9d65ca89e161c3d0ca83b24ab68618fa58c,782
0x4c255b44331b4345aa76b3e1e82a51fa17ebc83b,780
0x06d58e5849f3da3c70550511044a62904a9ba887,777
0x881db46fcd4d30fc1ee5b8c6e76e5b9a5996ba9a,776
0xaf2788c6b3b080fc7e6efe1c4ef861ab087a0589,773
0x448982131fc9f5f1da6fb91bea186ef036ff0771,768
0x7aa15b9f33ada8263758e6f67e0d112a2085d094,768
0x941269ccbcbe15e938876c08416beac9ee9983cd,768
0xf07df0a74967c53611f2bb619eec462527ddb5d3,768
0xa40b753470b136e37e71a12a3b988636d471ede2,761
0xa4fe68864ba36f78c4a666525d01a5a152072f2b,759
0xaf11d44c9e1408927549b67391a2ab36a06cd2b6,756
0xf23925dbf4c4c537cd802b442b7a2f02cb4c5631,756
0xa0a2a55d6dcc7fd6953dbd8314ac038268a0d26e,748
0x0290866b5f17660a70c25cfee1d23dc8dbb7c50a,744
0x49d211746abfa8078531541f675d68101c974f15,744
0x998206cdfb5d4ec4e3b15eb1958b4121f36e9b90,744
0xe40c2d4f14d75365a06fba447dd4a43be209a12c,744
0xf8ae12537e2a453fec116bf80d0a758a4c303eb1,744
0x1fc2f26520a392fc437e0776afaddf9e3576cf3e,743
0x9139c093a545bf117672cc0b16b2bc49fb4a0924,743
0xbb3f20f4ac71555d6acbc7153525aa7b3b8fe1c9,742
0xd1cc6beb3c22a9e0fbdc6ba107b6f931961092bf,742
0x82918111230eb07e24f4fe2b52279ca5360d172f,740
0x900ba17bf6f68d5edfab6d6fb1c7a1b7580452e6,740
0xf8594d469d7ca27aebc2243cc81fe61c6756d0bc,737
0x3920bf86f78ad5a225cc320d5cf3bbfc3c2aca59,736
0xb1b069bb7b318dfa3b7da782f308fff0ca01a33d,736
0x9b14ebcdbdaee6a46b78493475fcf1277278d3b3,734
0xc59c9e87683c660a87fbe3c900174424c9c6aa4c,731
0x4fd8ea3de1e88f4f23642c832c7eb0e51b43d85f,730
0x643bec33501ffd2a3a7b04110b2d645bed4799b4,728
0x4c377e997eb2e90648429d686dc808de87190cdd,720
0x6a6981f7e5a654b98c81e1144db66f306cf0cf79,720
0x8c40fa6d5d9c802a0e4a38476a94bec9278edcf2,720
0x1b8902ade02b7b9722278222924ad2ac8a63fc29,719
0x4406c81e28f65a87c5211b494898031000ec87df,713
0x5792bd7e094416b2d0e90991443100d6aca1be88,713
0x848ddc306cca2f89630fb759bf6ee0b77784cb84,713
0x93ac8d8d17a05883be7d9d4d70d072c8be13cea7,706
0x6811669c4603ba19518afc9dd51f6128eec3567c,704
0x2d18c5aed0745e038ca69941431972ac09ca1447,697
0xa02676584005d36f15763e6f274ad7e6498878a0,696
0xe32a44678eb28a2df5d2a4b47e1c0dac3401e9a1,696
0x4b6408ac60b605e96cb6b1e829f8803692557caa,694
0xe4d7b93637d14056e68845bc17f1e0aaaf5f6265,694
0x1f274f4c85bc03624b147f21d0fcca75e943a845,690
0x3ca6cc60ea6b6215b0aa2f5fcee2057e4cf2adf2,675
0x4fe56b5f91cf6bcebbf12b1e1145730582aea694,672
0x5ecad8cca8e6dfbd47bd7a52d5714662b4936ec8,672
0x8396b5fb3fb2709dc6d2f5d949cdf52f5374f0bf,672
0xdf1f12c2ed45ff3781ca42c12c6ac09da8f11873,672
0x9035539f972d6014cf2381ca054e98083e5b8929,667
0x84733296d79bffe47379354025f883c8591a193e,662
0x0b2c178174cc4524f0ecba6757442208dba09cca,661
0xddea7552ab68d3112e15a155cd51743f85624279,649
0x1d27294d6cdef720f6dee8e912cb81238d328a8f,648
0x45d50d1d1d4128886723bdc81d5ec791c4419c0a,648
0x592e12935eadc5f59f9934c8afa737a2c9bfe11a,648
0x5bbd8db791883c7a7e529a65e6df9c6fb2b34811,648
0x76269a3282635d347aa37272b610d7a2b626db23,648
0x7fba52843cd82b6f7eac9b2b46c582482c2dba0a,648
0x95f2c4a8a912fdd1bb5fbd91dea287aadfb48ce1,648
0x9b970d03d0cf0928e5b8d6bed73ab1b66b432f8c,648
0x9e939015f4bfde55aa07a52e80af5e6bac826843,648
0xaec7a1b7aa4741ec0e424711486ad7fc5ede8b35,648
0xda1331e1cfe54efe23f6ea1442028727a3546c61,648
0xdf5d1df709971ebf25db92e1646649ed8b000eea,648
0xf9c23fd8e7b4d1719614333357a72bd3d623bf67,648
0x160221988d092c50df4a5a531bb5452caaaeae4f,644
0xd734d32b84ba8e039470123c28975566edaecec7,624
0xe347a15fca6c382dc7c888a1319a331bc41c7aae,624
0xfdd7f26962fc1eaa58d494805e446e1b4ce9c6aa,624
0x7923313256190f6b6bf35d87c35e371488c6c13c,621
0xd05d54590711399fc83e9dcc164e76cac421d99b,621
0xc34763508473b2f5420138a67b8d7ed33504ccd8,620
0xf137acd3abbf0e1f53f175ffe48bd7716af4a235,616
0x450e81233cca82812347f17679c84686e75ce265,613
0xdbe905b6d2c951728e5e1c5af78e820437997ea4,608
0x1d79d32bb6a9e067157049814a7800db110ce826,600
0x3a549736e81390500565aa3131dcfaf547571c00,600
0x43a58f20e78c7f3b2cba8535d1117ac0e75a515d,600
0xc07a038b48bdae1b85ade2e6bab7d5780f1328f3,600
0xe6109c2c1dff5cbaf44707790006ebee81bf1875,600
0x7d3f60bdf4945de4e52e31b4e1f2a82601c3ca76,599
0x47f5ff74ff42804bdb61b643cef9a57d07c38b67,598
0x9c26cf1aa573a70837a2c7546cc8b580ba00cfb4,598
0xa69c69c2d7bce726d6ab6873ef00f06d29b25af1,598
0xe933cedb1d7772ab3ca6ca8c173cc6b6ad61bb5f,598
0x01b899d1f3da9d718fdfa0537ef833e5b6f61b3f,594
0x442b9cd367aaa8aa3c7119857421d827ee81939c,579
0x37dd1769e16784de250d3e972abd6bf16fcfc423,576
0x774f69f41dd07f2cdbda47bf3b519ce54c8a9440,576
0x8bb639867e416194a2cd46abbce343698640ca47,576
0x9b421ef2839f71d83f1d226a338a6f7388922939,576
0xce86d0311a19f86220bad7c7e687a27af642f41f,576
0x1cea031b6fcd516dc58037150388fc8cd847f0d1,552
0x3805fb3e31f7905c55ee4421b9a44b437a3b28c6,552
0x49fc1ea1e325bffcbba47a5123c828d3e64cb39a,552
0x56c1ca43a628794166dddc1209108963d44e4628,552
0x5bfcfa771c928e1ef408401b2df0fb08c035a17e,552
0x642bc489ccf785737f8d6177ce8ad6affa57924e,552
0x68f5276036f72c841f3ae6fac0a29e57bf85430e,552
0xde5c0ad6aa29f35ff9a3fe42d2ba70e3eb355687,552
0x14b9bd9cd0527c99d820de814b703b8ca92c6af1,550
0x6304fc311e75ea87535ae7e0835e7c90136bf1f1,550
0x251b9a64ec79a3f36f06595308c9a6220627abe6,540
0x379e9d465c1fa5dff3bae3258e918ff2e7820e9a,537
0xa11c37269961e8338862c20e100eba39bbdaf595,537
0x6ea6f177632d372f745dc44f3cdb856d89e05d6e,529
0xae2fb1425e6827fbe867ecd9faca73e3a7cd8676,529
0x3ada24ba885fde09e347dafa83d6c0ccd58ff3d8,528
0x65ebedb23002178f94caf0b49cbbf8dbbf8abd72,528
0x75b6d5a1b4eb1c3f43acda0b887d8e99aca057fe,528
0x96843e5a8854969df7032d467f5aaabeb96c4cbb,528
0xa8d95813c6de41af3e5d62059d3b5bef7913bb23,528
0xaaa020747c3f27035a803a2a9b577e76ed5cdfc7,528
0xb807d44a2c4a37dba08ae398dba8af617fd6bfca,528
0xeaab1f245ba924b205f8ac995f1cb9779a61f82f,528
0x759fb43e7ce51f9037a0b9ffefaa67448412c61d,515
0x3ad7aeb3b3bcabf9e7690bf36e9f3eeec3294836,506
0xcd3d093d3722cff894b6a6420aa34fa50614a1d9,506
0xf1d022533528f1e1bfcb466b110eb90c691a73bc,506
0xcef173c5a020b31f90f53d78eecf98ba283cf309,505
0x005de03c8e71269a4eded9da3442ce4a0ef0150b,504
0x0a04323049aaf04e91bb9605fad6acb2aac9cfca,504
0x207921f8c7be1e83648eeb078c37b4ccf056e821,504
0x61ac3e2f115ad2f261fbbd603bd5344cfa476b22,504
0x698efb56c71c2387e4b1ecfee04bbef4c45cf295,504
0x750af3c1aa24359f675ac73e33e1c5ee99a090d5,504
0x9fa56500f7d06b6608ee7c8db707b0fbf07d983d,504
0xfa76362c7937b02018abd99c04333d3b62ff7f3d,504
0x57a10c1df0fbaa335b79131e7781d4b6adcd2822,486
0x38c9d29a38ebae3a0d226d49045e8a7eb766cb5e,483
0x7ad9b9f6e2ce8419cd7d016100d6dee01fe877ad,483
0xc85ecdbaba4aadd49310fe091dc33edf57ce46d3,483
0x289d84bade3907c0117776e0534119b2fd19a2b9,480
0x7854b83646b8eadf46c7479e858dabe44cfecc95,480
0x87dfa59385088324a09140299d54d766b9ee7c92,480
0x91850a78fdccff24baa41817b3bf2736756c7dd9,480
0xce59a900248cfa9279acc4311a5db1ff8bf20a37,480
0xea80decb2200b77d7cac42da898641f9b29f2512,480
0x43bde3978beaa7bc15e956add631919c7f337469,471
0x74136e6c1518e334b8ccf3cecb22adef7209b987,469
0x8e14e787665cd7d81bc624cae383e17ca1a2f752,468
0x5cd01db5d07f57e66855d30091a607cb881604f3,460
0x61c058c8f9bdf51bdde9273dd7b379d9c48b7da1,460
0xcdf7f4522a0464073c0391b9cec93846d3884615,460
0xd2611f81e33f37997fa1b86f2b65b8640518d78e,460
0x0796a11f272081bff066f359d2d8525f4fa7621c,456
0x3250677778f4a486ec87d6ef672c70a79c20b6e1,456
0x47740dcbacc7f136cabbc2d85f84335ed8202d3b,456
0x787e58cd1057b6fb13259b756c155c3aca4d4a90,456
0x7f619e87bfcc3a5bb8ebc779093ba6395ed50e28,456
0x94e9637c6aaf6c3cea610c800b1ada8621da1565,456
0xdf7885701cdf2f9cb87999351db9e80089356181,456
0xfd62ff5d1b5c96e1484c1c77f399acb6633f0987,456
0xeb47702c1fc03404728f2ea31725f24fab87e64d,442
0xbbf58044362522cfa5fbd11b5477c6ce75728847,441
0x01a70bd4ba50148f5213277ec39d4f399d967444,437
0x68822c3fb451bcdd698b75572d287ee05dbadbd2,437
0x9ab6eb42fb348944d62a949d95aa623b870ecf37,437
0x9c6aa91761d822166e2db0767752acc0a66380a4,432
0xa1c22feec894a70e06fedbf64e47b751add2215a,432
0xb3a26a3f48c9ac71ae9153a93283571e1a2812a1,432
0x948b2987fc001c85f31b0385d9ee1ad30c2f99e1,418
0xdcdb9f81af68c8ab70ca03590422e17288f61aa9,418
0x4118cf7fc45ea990a646ca546a7d851053c51b27,414
0x7b4ad7cc68883b408b6841d84bbd833cf980bd97,414
0xbf9e87805e984300e28b53078d1d30c19ca7c197,414
0xc37e8da143140aa7684dbc3e19d7d450ecdcd29d,414
0xfba98017a4a1ae125626375b64f17e54c24a00d0,414
0x034ff0bad9fae36c314fb005dfd39fa8c0c7927d,408
0x2e41d3b553ba8a86c23fbb58ba4d3b30bbed24c7,408
0x42b48e3454bf8c2d06e6ba54cb67b637b2db1013,408
0x71071e1930e9695cde94d0738923269d1b5aeffd,408
0x848c96ee6780215341010d78dcc1a8fe730428f5,408
0x9e99cf216d7bfa7b87c84dce092fffce791f9953,408
0xb8b34a61955706937f751b195c2accba3c6becc6,408
0xcee19b0531412faf78be18197ee619a93fca5a18,408
0xd02a691141804e2646384715350fd265d524df49,408
0xe55e77af755a49882b125c884bb7e41356965fe9,408
0xf5299ac204f57de9036f17968713437faab04a54,408
0x4197363ed41965121301309fa0bfb5184a1ddaa6,397
0xa9def79f6cb49c7c697af14e042b38230b2f44a3,396
0xbbfb67a15ec30704bdedb51a9618fbb5ff9c4cbc,396
0x07b8c83739a860a5e1f4cc8e43c5888be41cf1cd,391
0x1a7c4c4eeaf7b45f7d122488fea2f761acbe773f,391
0x52509cb73c005b9ec1e5dbb33d7907fb2b9f2c51,391
0x82fdafb5d884a1e425e5b738cd63cda7a8eeefa7,391
0xc61b2f000c2ce279b173cb4bccea53307280cc71,391
0xf72a7862e13febc885be10efd794ee8da7187602,391
0x611fa183df6591283aa03d84e7d41ceb17a19535,388
0x009d33eee76bf8480955dedfee86e16fefd2a043,384
0x04b04eb86f9f96c0c5a3a29dab97e2737dbc83aa,384
0x0750ef3fca5139852a969c28131264115400bebf,384
0x0d2a3b0db03674bea56599928155d9dd837593e0,384
0x1bc34c1499c4589a929b3936a6683e79918e345d,384
0x41b87a290b45d9cf3a9df9bfbf4ec709fb575291,384
0x5a8a0247c35b580af3280b3bd4c054ad948cabd8,384
0x74d3f4a3cd561a6b0631d0553d5b5e1ae1b1000f,384
0x7c2b015d127512239dcd47ab976ae84c2bde9140,384
0x94a07f8aa62aa4609676ffd652588f29e24241e4,384
0xa5b55a1ca370cc64a38c2a8a19a8617411768040,384
0xc4cc2ed72c3d0a0ccb518ba748dcecbabe8bce27,384
0xd316a125760866db26827ec8f3d87c70472a4206,384
0xd584e344a7369a57504d6c9edc217845b22f2f4b,384
0xef7d84392ad66c20b5cbc79624944dcd83bd06d9,384
0x76f55ec82a0915b6d156970f8b166ed4b4b200bb,378
0xbf96f0b4c670bf95128ed53684e0c01af75bf168,369
0x566a20f76388496414f15413fd09a0c8d208995c,368
0x79584999609a2ab879d1579706fef0edf97064ba,368
0x7c897c1cb2d6fbd0c337b051bbf21506c0d02ff0,368
0xa9c57d6b8c8fd1697e8276bc7dc5aa9cbe3e7a39,368
0xbb1ce1498512539f30eca6600695ff3f101f886d,368
0x2374741c86b8894028b820524c904da77d8afcc9,360
0x6aee9f6ac742f38145bcb5a88ac6cd5e9c2ecbce,360
0x6c72184ec81a7b68e0aea1196610c5f28555b78b,360
0x80050a91b91dd0abaaa38d9b0a441effeac90eb3,360
0x8d72c66dc89e95734c2db694c6026006f0a958a3,360
0x97a0a923f28b6e52a3f50b0afdd465c2e6500c65,360
0x97e695ab36f515ee01c87e4089402bf8778cdf00,360
0x982f373b3460112d3491a9ca525a1d502f4237d3,360
0x9faeaaa5df405840e56573dab8ab5cd3212db995,360
0xda16074d5c2e427dd4c03bc5df3289fb56479e67,360
0xe35d5e73da6e5a932dabb87941d19f59da84ea57,360
0xf8297fe1f1a8351eced4504dd13d00bf2dc86f27,360
0x9ade5c3b1347fff9615c969b9ebf9fd7fcf57a84,347
0x093a0221dfa00a31bafc4dbd1757908c7fdd0851,346
0xe40ed8ef746aedf9292e9e944d8e9740f879a8e0,346
0xc4bda597c424e95021bdc23762b9632533e1aa5a,342
0x26df331640e7f0dc079ecba7c8ff65021fdc3c15,336
0x339061d000ddd796ca66b7f74de8e905528520b4,336
0x465af9b1126291e8e5c1f6a86bed766073a1ce47,336
0x616255e703321236c826bb0029f1569de0f7d2a3,336
0xba6eef94d4dbdc45bdabdaa70ce49e714a98f0ac,336
0xc8800e6a2c6c26c810e587977dd129861f657b7e,336
0xda73f0ff3812e9eb701c717c14445367c9770d03,336
0xdde6df3f446d7aedd5613cdfdf2e2f1b39fd0bf0,336
0xed2fdfcd6b058238fa27f87df776e3a4c34cc87a,336
0xef082978499f59e1e817f80600d4707198ff6d1e,329
0xa56d66f26c8054b70006a8fb86a71d5eba91db6e,325
0x134c5e74546cf8afb8a75cd8f4268f784976d421,322
0x1f6902887c5b9da01412da02d260f78edc49f5c9,322
0x279ba53a1ad77793544eaf2ac7398a7bd7361aaa,322
0x61e6be7bd89ae2c37df68a76ec65961d34632dbc,322
0xbe50025d759fe2b0ee4de6cace4942c6190a5900,322
0x90eb15070cb9a5677186cd11c23e7b574db3c07f,321
0xe105fbdac1bae95cabb76e0348f8679b50303b34,314
0xd031ca845e8375e379cd499253fb16122f2f4769,313
0x09e3b2129a35eae4f829fb2b96cb24f406bf0fec,312
0x1270e4f5d6a86434a7d8e751e2c7346e54a8c7d4,312
0x2de16465824b921cdda5f032ace734aa158a7ac4,312
0x3e0bb4484589d518ada6c139f5c7ebe83ff47d57,312
0x5811293788169df2b6552e6f943a29cf0cb23245,312
0x629fe81af0669f52a3e55657be2a639e9998612b,312
0x7f65fee07942d5a0e5f8f3bb7c2cf7971c316523,312
0x82842ac0d344c76335c344aa1171fe729a5c284e,312
0x87a4b2e215854874fc169b0c15b8050c55700bb8,312
0x961e3dd7774a08de780605d85da93816ec18fc96,312
0x9b20489d35a1bde6c3e4a77df12beefd409c55bc,312
0xa1106796fc12f4cab743d8b73cc4bbf083d4e8f9,312
0xa44a2a4d7eeda39a52f8c4873038c86b600f50e6,312
0xaa681afde1f4080470e65639e74b512f4c628c5e,312
0xba97e7eb8933be1585a9b5e8c2fada6a1ac7e361,312
0xbc2d481253d136d21e71734f210a43b91ea54b81,312
0xc4619cf0d2020615786dd120fa6aab858242c43c,312
0xc8619b6a86362216dfc6fc218634548a1f546212,312
0xc8e0b6f829b190520ce201c32b24263eb772117a,312
0xd0f931b6bd6109ca15b14d00ec40366c947d8ae9,312
0xe8e2f8e20bd0f2efdb59d7805e00f9557f465a5b,312
0xebfd27826cf19153ead3da307a79a25f5eb030d0,312
0xf204ad910c10565a255aaaea06cbea87d482d092,312
0xf67eb363351c617d52b7d41c77fc4afff9a97ea7,312
0xfbddbcdf2ab120e5c50eb7d93d3eab50f7b700d0,312
0x899db336d0fa54167c043ca7af3bcce49ea54b5a,299
0xc8d620e7fef344cf39290adb28e54d1b7763621e,299
0x539169e78aa48d40cd4e8d325232fa366d7bb545,294
0x8d31b95fa86bd3b69c26666f9b3a4527f36764d1,290
0xcb8e1e596daace57365b449f7550ab926b5b53f3,290
0x2373f30d7fd48aaf7efd7541b0d92eea6eb1481b,288
0x44405b960d3ea79427838af1c0884a5a434bc0c1,288
0x8fb79533a398f33089ca740db3525e4c79ba5dfc,288
0xb3de746d56c652ea0390233a135a4011cacd9be5,288
0xdc6cb652a5885288f556af15211c9f30efc6a3c9,288
0xe4f60ade67862d6604cc7464621bc7ac17e75841,288
0x6db4510e4b9b3cc3fb0c0b6b962ed1b6636356a3,287
0xae8b77dab3e3ea142f2126a6c2f357a5d77049bc,280
0x2c017b1bfbc703a28cb42014440505a890c917fd,276
0x9cf919182825cdf8f36cfdaa6fab1f588bb2cc71,276
0xd7d240562414fae70ee382122d9980e90f2d9569,273
0x617572f1a3799c39358f462e1d21db410ac42dff,270
0x2e8b100471419ef5cf6440daa69b4171d1ede352,264
0x31d811372670d0ee36b385b981c49416ffac9f9c,264
0x34ef845d39d53f4dd36af0f326b182fc3c5449a6,264
0x385beeedf8813700c0eac72f956ccb7cf3256fca,264
0x7523803ae184c633e646ad9d4347d31baf85d4fb,264
0x7d702c7cae949f4a5ce854150429ab0e3b8f0fe1,264
0x8c92b3c883fad7bec600b3e22bd32c18591d2c54,264
0xcfd7ad05f5722986680739ed2aec0ba3bf38ba21,264
0xdf3c7ebf18c73dd8c110b739b6d6872369ba4c55,264
0xf425238a26de97be187c8edf0099b44f9b8286b4,264
0xf6d0ea978effbf90b80ef1600f6170e2ece26f7c,264
0x8d0c97507082d4b4300a5a576c4f1353b0559e6f,260
0xd9d28799496a1c37f6171f0f8276c7d15fc5baa2,254
0x157078384bf185a977c03a69f62c37786e8be2af,253
0x2d6e739396239abe727e0f99dd33e9425e823caf,253
0x56ab84459aa08632172ea805630f0bad92dac8c1,253
0x79ab1d3b292a67a15725bca9019bff957a6a8e0a,253
0xa97dadeb08ab8937800573d2ea0d526b38806df2,253
0xc5c845576e39dfd98125e887801b0f72298a5302,248
0xfae9dbc513554f77090ef0c8167a64786902f724,248
0x66a2a3a6e4555cb0764031b36f71311b61c1b6ec,242
0x03e288048786350b192ba1a74349902872b99d4f,240
0x4406003a9e3bc387a2e083e3c0963c209eb26ee1,240
0x5d99f2142477f8d4dc68b0eff1834b58f251ffe7,240
0x689721f1929e5fe8fe8e694d63cdab23cdf67457,240
0x71d905de2b431252e6689c23398ccbbaf1407f18,240
0x72ac73635b9b6590fdea45ac9a071ab408f72056,240
0x74b4f6fef7f744bf629dfd9c8538fd19a5591486,240
0x79e8bc975806d2c0a0dfe5cd99cebb94abef0a6c,240
0x8ff539f695a24a098286d4219d63d1d1aa8417a7,240
0x91a704703da922617ef912469025e3536b81a662,240
0xc7f4cd6c4a5411fbca593dac1447d663be200c0e,240
0xf093c49097d0401312fd5af9b77d181c8af197aa,240
0xfc0f84cf8a6f22963a30c99ee87a040cb5d163fd,235
0x818bd10c1557c2ba6428e60dce852ce3c4b9a942,234
0x1f529f2841102df92e9a78763ee9e0773dac7f7c,230
0x2b5b309e6c233c06e766178ec02864d15fc49195,230
0x336c0ac0ca99870d79f22c57f8ee7a4072b37a34,230
0x67aa244852de9c054b04f5d911902f5859b2480c,230
0x95729b48bf483b35ac9b3164eb232dff7006801f,230
0xbf5f7e55427cf7584fe801add3d6a794a75281bd,230
0xde63c7b574f9aa72fd76720af0a6ef7f63533e76,230
0x260d9e59815ebdaea7e7b112964c20441922693f,222
0x1055b4670ac3c4e450ff1ee3189fdc7471200654,216
0x1564c6297689dac552c088d950b57279b23b2018,216
0x1a6f955ca021c43844152bbef15b71e8a2da2974,216
0x29f7fd2be8a1cd6f3099c61123424c0ee161b640,216
0x37e415ff418a0aa1da096efdb6047099e86e34a9,216
0x38b8881715cd484c2244d6c64f94e12cb629e807,216
0x571c18fdb67f4f6565aa63c390849fe36047c1a7,216
0x70b0c53c0de6f83e056a88a66eb028766c64b77d,216
0x853cad7e917c776611d64a5556ec735bea541a61,216
0x866cea246bb627569e9ceb22b0f5f4f571accb13,216
0x8b1ba943406408c18636c06619a4c667bce8997e,216
0x9041293e685c8dae8f3032e2f720c428f8351138,216
0x9808785c19edbf39b3fe0aa262a689399299ce8e,216
0xa6dc248572c7e7fd67f7921c17d799dd98c47622,216
0xaee82fa5e5d4c0b746c4cf25d23bd35ac24be13e,216
0xbb8921acfa24f21e1d35d32e29be2c43bf561ea6,216
0xbba63a1008ccdb71f9076ac8855e80557487805b,216
0xc5cae07c41ef17f251c7f8b6c82d5f9188168088,216
0xdfe1b3baa34e32b63810e53dca289a9de86a0f88,216
0xe92e18f95ff7a9257193f7d95248d1b0416a7a70,216
0xef083f28b82f11cf37dfbbc8388c1415494d219a,216
0xf67034d3d55603349cd7a71ce78c44e4c4586c76,216
0x4e1d4783116b1617edec45d068280b5aad860917,215
0x37f2bd5bd92b6d07efc565aca06a2ab8ffd8f1b7,210
0x90d578534990bb8b916f4c303c528f82dde75d85,210
0x97782e93cfe1a6345d91a97384a215fd1376ddc9,208
0x5d9cfb9d1d7a0eb6cc6b6711bb4753d068d3ccb3,207
0x683148b5e726a0c07561895e39f394c2d1ebf092,207
0x8aecf34768eac5615a1278ff460ab1fbfd213c30,207
0x8bd0d7dbcc789d219c04a65dc5317c2ae2ca741d,207
0xcb661a9e17eadced90a13b1efb6b79c92f142d3f,207
0xfde695f57f1800f6a6012038ba6263f436b3cf68,207
0x2c53c4298bba4373ad5e1e64b7671582b7b8d1de,200
0xffab35099033c72340a5ec707274a5e23cefb7f0,195
0x04552cc29fd3e2ac86e60b83cc7444e52e8bb4b8,192
0x0b4150eeef6c6c018e70e253a97daac1c027689b,192
0x17d4bb5ca6b1f37a90e1a510011490eab29ce7a1,192
0x2dd25c1863c458a57e89f75ae7d68dbe96bf4f2d,192
0x505b92aab1e4148686fd1bdd8e2d1140ed82344a,192
0x51c3a556a072c05f644499f31951528e11062feb,192
0x5212e1acf1fa5968bb56afab9a39c9a44ec8e860,192
0x5dd5d21acc7203ad2fa76722b6deca060711d0e6,192
0x60eea92ab5a558e76ca11cd2fdf462b97a6b073e,192
0x914611eb1e79e4219cbf84292a42921372500258,192
0xa9fa6bccc658de2db665fe83cbc4d6f0355b3354,192
0xcbf5d48c17feffee4f855c2092dd5ee2debf2378,192
0xd7bcc97937954a141ab760db170fa9544ec6592d,192
0xf252fd52c2438848a6952f25d4ea0541ef860f3e,192
0xf2972d516596aa5d37f5f22cccc3fbdee99c5617,192
0xf8d0640d19cec4f6b3ca2f2faab39be3220a21cc,192
0xf9d52d58748ffd6d5a58cfa44230ea2458641dfe,192
0x9f6e3806e87faaeeb63a21406793a1c99eca8ba6,189
0x08ad516999f8e7d4aa5c46a863ca1ab50b05d968,184
0x221b12a1bff7979ac3f27efa22ff2d2288c19aec,184
0x55e3bbdae15258e1391778e54542372152fac6d3,184
0x5c814c9874a2abf25b3a1196d8027b16fa4ca27b,184
0x86237c409ea9d35fbc5fc5cc9d90768a71821ea2,184
0x93e5c9ca043f00a50f28d3f5a6638172813e1a71,184
0x966a98e2f87c1e52fd954b43ac1ca0d35febdcc3,184
0xb32c98f77ef8d898a01df771a72843b6a4762080,184
0xc10c7439c4e1138c637f909894dbe879455fb8a6,184
0xd0f2f27414c50a29663e139f1d08a95998736a35,184
0xf1003c073386cce0d6c0b59962b753b6d1ee7ff4,184
0x0f3fd5d797eecaefb9e21c63038091b7e60fa031,180
0x281452ffa0a70887a725b3f6640685739e64ef2a,176
0xea1a3c89704a1cb39ee31993cfd2be6470726fed,176
0x2f3a0af1ca5c2cf4b1166abc6e2451d5b4dc33eb,174
0x93c13bccdc0a073424867fcb33a4ef5ef4764c04,170
0x064b5928e78332c7192f33de039fe8be9cc9e435,168
0x1082b0aaa0545b5c3b24a405344b3c02794c86f9,168
0x2c569ed8d6e0b942e1c334097a947e08da54a3aa,168
0x2ead1a4e2f76f5c4b032ac7c96ccc0d79522ab1c,168
0x34829c96ff2c4be06438be38a92e0bf7d110d376,168
0x3902e76067d93e3451c15ef0dcae6afc6950665d,168
0x3bfdeed9db2f8a21032a5f93c65945e204feb54a,168
0x3cca90b058b8bfd03d93aa478295cb00d2043467,168
0x3fc2baa299274852e49b72bc032e13bcb4710809,168
0x4002a4dc2fba74a81bc77e65213154fe3d1f5d90,168
0x45ddaae017e9cd9be12eacade598d5c553caf9da,168
0x45e64e5025abb6a41b439d2b6b32db6fccf070e4,168
0x4a8448296a56b02950afc637731a72fd88a909a9,168
0x4e07235b5620b04b57f1e81677360c41c6679007,168
0x52dcecc475b1d26b4c4cc512601cbcf10ee9ff85,168
0x5b76873ab084c6d30c4c16e45bdba58afe102c93,168
0x5d9d25c3bece8610eeb1f826ca2a835198fb7042,168
0x5e665b461394b7bc935db9c647fe9f53157a26d6,168
0x6578db7ee678107c076e04a347995a14b10ccd09,168
0x6e5b46748eabafe8419c03c910e0f027d8d00adb,168
0x6f936d74b8f6fdc0d876490efa009e082a255913,168
0x78b0f37f22814787b608868b55ae9380b0025fca,168
0x83b49f90a394840aa3d0e7b7dd751035f3c71d7a,168
0x8e3a1295aae223bdf2f6c05a021680f1f055947c,168
0x94ae79d10b875d3c65ecd34bef53796fa3a74e6a,168
0x95b21283596e9c8667c7042c817f9e6c154ca551,168
0xa4d9cc927ad05492199b9b5e0e1fa753107916ef,168
0xacce1809831e4d4f8438cc9ef01cf083c0f4cce2,168
0xcaa46ca62dcb3385593d86c7a61934918dcc7b76,168
0xcba8f74231695c0d3a8d26765de28abeb0a17a74,168
0xd3160f87b9cad4bf27a0308b02119ec2f3c9cc52,168
0xe0fb137c3dd0de5ad9b1d582c327c7b1b40a36fe,168
0xe9f5e54fd246b569ed1ba0a7bf184d9a824dc814,168
0xedffff3b0efdebba0954ab86118a9b6072b6e754,168
0xeefc27ae5df98493d7a11c37248082fa8ad990b9,168
0xf13462fbd1c73d377296436c41be6f18136fb8d9,168
0xa5b3634cbcf83c08f5fe11ae7ed0244d55cbc783,164
0x023f9555289b52771de3f917fc27905d9ed0e34e,161
0x0a0912518dc220e12fe229b12d4ac3780db251d9,161
0x113c53318e496ec2b854560129d5bf4681b7938d,161
0x15ebf4871cde83534da067ee7c855f17b934ad47,161
0x1b7aae8411c19c65b0f334356002095519eaa0bf,161
0x2b513fbc01f7a72e3fe8336f9906072e366fd9cc,161
0x3dc09889c882c5f98fbe5e1114a97b7c552781f3,161
0x541b25ece863c085c37ea2db2dff506c95bd3236,161
0x58d526e342a1c161812b38e2d10913b23f7ef6e6,161
0x5a886f462e9a250197199ff49c81210e0fd55664,161
0x6ec2c30b43f78eaaa0f075944cc58c5c10ed28ea,161
0x9cbebe7b8dba06d4e1270c850f49230fae65a51d,161
0xa63cdd3019683951b2c5d25cc398d1716575e7f4,161
0xaaf43a4dbf62a5cf151e23cbb98fe47e3bd9fbce,161
0xaf6c46bd9dde7c77380a85da678e9469e66888ba,161
0xb1aa947c0f11ac2b732167ea53dfbb5f4ab7da88,161
0xb3aa468e1e278a04d49aa395f10e07f7939c5864,161
0xbe3644e97ce63886261f84d51a05991e5d2632e3,161
0xc34e77abb2e5ec2bffdcce167c21fabf3a5b192c,161
0xe1bf567ce891b3183e1427ac95c83af454736134,161
0xe90c40c845ffeab7bbc1f27e4fbab907b22c5892,161
0xec2e04cc1dd7c84ee5e10cb53d75eeebadc4468a,161
0xf0d3de57a819f71c018ccddeb3adde96f8b9e96f,161
0xf1165155e6172bddb8e409f835e57f5c9a8d26dc,161
0xf7aba9b064a12330a00eafaa930e2fe8e76e65f0,161
0x46105df5cc51baa01d81ad968f49f5f48a7c065e,160
0x01790b049485ab4fd59715aeeed209169834d636,154
0x01de6fab54790de61272f39b5acce55ea901c6fb,154
0x09556ba5194e76e1449c49548608600ca6121630,154
0x09a7e690cfb37785f1f0e2b0bf42bd7884972585,154
0x0bc2b836d4e29ef8ad2d760f750b3ef89749d860,154
0x0d4074969ff74f54456b40ac29f3be11e96f5ebf,154
0x10859d833d4a9284f3df247f2b4418a11fb3095e,154
0x11e692f1bfb3efa13f0ff12308dc3626393df9b1,154
0x12d38a62b2ea54aaeb9bf14cb51300e49b08dcb2,154
0x18f762631eae0dee42e11a2da88d521d076556ab,154
0x1adfeb4370b467ecf5d64d55c276c5f1ce1e0803,154
0x1c7e2d013918a5a8a97a2d1d3c67320e83acf0c1,154
0x2190edb5d17513f4c88dc56f69dfbab863a8a1a8,154
0x21ca15154c8da7222de29955536661c5336da5d1,154
0x23c75b74c883acff259b3006fbd43bea98327ccb,154
0x263af526d1584934486930c87b2cea48b6adefd9,154
0x2658c9d90fdade018f0fba4871c9e1e251c59daf,154
0x268de14640353b26c6d59a56d14ee4089236d36d,154
0x2eb712bf8beb0e7af3b4923666c299b3ae0ca6d9,154
0x31b473499f542c87bd79563d8ac2408ef95ea611,154
0x35be82e26a9f2d2edcd1c863f5160bdd0678e7fa,154
0x3643b7df11510b5e2e3aafca72fe880a037b072e,154
0x369ebcea86e1c7d8240518921ee84951c5ac8d47,154
0x388cf0009fef24e501d9ee1655c23865f7275502,154
0x45b5ed59c2ff2ea6f1107f4234dd8956845af7c8,154
0x46136d690e5cd1405d3396ab777f800d309a2526,154
0x490cb3e8e097515f120d47450c832c86a495a897,154
0x4b025dce10025844e4bd543c6ad49bef72cedb75,154
0x5303f12e5cfa2f57580e32228cd501f9847628f7,154
0x53db8c888cfb986058f788ccec63fc71309fc002,154
0x569a32bd3abc8f47bec912bbfbf916e95fac725b,154
0x5793afb76f43258d5827d75d2e364d8a6aa6f7a4,154
0x57ca3a766b0aecdc406ba79e5dac6f4ecdfc2612,154
0x59adac9f33a0bd67a3c1fa31ef735cbd32fab441,154
0x5ce9ab04004fd933b8437393d187fafc590ae052,154
0x6dfe5f3cf5798b6f5caf1da20c640f536c1bd3cd,154
0x7332da02b1ccc38bf832cf246c14c6c011cd4a72,154
0x740a98a8e05985702a840793ac47b2890ed42e10,154
0x75076847179fda03c06c3fc5a8dc4b111babebba,154
0x7b1280ad5c97dfd7ff8fe6c44322482c7046fb90,154
0x7bca866fcfa08a2b583fb5ca4bf4008fd2168532,154
0x7f5a8bc524c0d91b142e44efb71e26a15330dac6,154
0x801ebfb3ae391aee76627f52584ded59d2515185,154
0x8139dc6e556a173cc52af598cb3f5d78cbe032f5,154
0x869d86a8fbf4b45b261347d7a61213f8b7dd39f4,154
0x89d7cf13e2ea9c04ef7f62a769bd6421f979d721,154
0x8ad5da15671c8f109edd37215804eadd122e5efa,154
0x8c9f6b1f5cc53155efb52bf20a162ed434d4120f,154
0x8fd21ec88ad304b56ceb279809d61f5d86237645,154
0x944f0f130b8d1d4ad10b0ac4f622d6fa2455df54,154
0x9495a7a25f9f13efb5f7ce20f1a01e3f56fff742,154
0x954c93a2d621e5437d86f31fc4d2037dadfb1212,154
0x9af9a87e3d93e517808fba02eab17df1df39db52,154
0xa02afb0e1c75a166debe8e1e9caa08a09173ba7a,154
0xa031d56dacd8c2bba36fa0dce2a648a28f576b97,154
0xa26a9bc639ddb0eff193f69f0966a879a7f085ab,154
0xa2ba2882b674bb6bebc20a123b595cb756379893,154
0xa2e022af07341b047ecc8b7ad236ab820782b380,154
0xa7568abfb7844ea960b3df07500c1ac568adb6c3,154
0xae3eef269085ad0fc287e3ad104feecaae8de5cc,154
0xb2b0127abd85437517c6082482c2980ca8c0ddde,154
0xb4f07bce20e590d84e91acb65cf4054901283236,154
0xb82a01f977846f8ba914222027708e96da5916a7,154
0xbb8f4165278963706a5b3950543d522a25a21d06,154
0xbdb653e8bed96a82c6f65736375ce38366660d93,154
0xbde44c271b6c17d5b00eb5c41c7c6c48fe5a21e3,154
0xbdec3abbf9ba73a03e7c4b0a2382d3069a4cf8a1,154
0xbfc921a6766a246c1011ba6a37560b17d819367b,154
0xc126fe863fcd5cb11f43a9cd7f15b36f4b4f7559,154
0xc731d0a73e5988388c7034545476abc21b63b7f2,154
0xc8e67a3c93b33f08224e1564b47cf26eb8924579,154
0xcc58278ca22787105cc298a71a7bb383f88ed586,154
0xcd8021d998459b7d586b1906c8c3b32a2a513ffa,154
0xd5151d3518b00ab64eb6547d8b88542c979d4f65,154
0xd51921ae4b006020f9095f640d4bf31f7c2a672a,154
0xd7cea0350b1e44d51f28563df97b2c65d887ab29,154
0xd81154b3b692b84b80fc28e4c13e12940fc2a57b,154
0xdcfc24b15f1773c92b1200a7491d4a8a6682bf98,154
0xdd20f6afc0bcd42201152e39cf0604f7b64a9a4c,154
0xdf8b6e3a16dcdc286538049227163315c14a4087,154
0xe00190fbf56286e360c59bc72782b17fe7d74d51,154
0xe2e1ae53da70521210e13ed2e4b164f37ccf8cb8,154
0xe5a28f6b33f56ec413a06e4fe982f45a5ecb4f74,154
0xe7f759b42e06572a445e5d188677e2063b554f19,154
0xe8142de82ba767f45eeca0c25a397184043ed10b,154
0xea7aa2829c4fa5d7c004d17202aadd400a5626e3,154
0xedd4210f178bb0aa2ced5f4d2fade112ae82c92f,154
0xeeb73ba0ca8db598526be7e3f98b441a0ac807e1,154
0xfd2f8eadcdacab0c281a635eda56f901b9dfa93a,154
0xfe2d0f4bb253e834a68877d9536bde83626f1e84,154
0x146318d1bdd695498e4860acc6b9f61a4e0ee457,150
0xe2e0ebcab7e8e885473fbbd04933225825437fad,150
0x51891b23af1bfce9386d113bc3c62d3d89c75a7a,144
0x7c31345426bf29cb874b2d0affa726cbc6cfd771,144
0xb9d208b99311c7127991b7774651a130b43b241d,144
0xc8a79945bc5f803d39004db5a2d9ca7728bea0e5,144
0xe2b6d7241caa5f393b2ac0979f8d62b9324e9f97,144
0xf1684dd97c1699d3a08f0d8555e7f1db72752296,144
0xff46ba9bf4570d75302b11e07bfb2be2c7924c90,144
0xd22203d6cc03f753fb3b2d52979b798a4c11ff12,142
0x2bc525e8690ea68f3ec72402620617169489696f,140
0xdc46cc90c2341c865cdd0e478754630c7a8d1786,140
0x38d405a6ad0bb7990c7ad011631d7cd84d3cc5e8,138
0x39f3822391a1c186a9dec9de3e5c4422b8fb27e5,138
0x45641c84e65c8c7b6cddc9b1688d20b0085a6cb5,138
0x53c6a2dcb9f3c3f0c6eebf0b2709d66eb19d160e,138
0x71da7b3e0eeffd091c1f4224ed10f34dee89862c,138
0xf1017974821067f5052b8a203bf450274eba68c9,138
0x58eeabc0cb387118ee0e5c43a29ad8f6eaf6fd96,129
0x8d52c629cca4f4c4efea8b398e8d6256427b594c,127
0xe482500db1ef0493551ca193fb1cf67085fa655f,126
0x1f4f0781ceca98ddf95a493b4ae435dfd5e3a9c0,122
0x4c0a861702ff9f6f2c0a4f1008260c87bc7c7e62,120
0x5a6cadd24126d487a90a6aa3d31b2a1a664e8974,120
0x63849a9fd356c197bbf6c240b03c654d73d0529a,120
0x63f69e69857dc198ae63c1beee26803c50c00813,120
0xc2791125e326222eedd9e08225b9563dcaf96e9f,120
0xca7aaeff6c77e3cdad3ec605bdd3e472468369ac,120
0x2c99db3838d6af157c8d671291d560a013c6c01e,112
0xae1936688761d9b3b07ba36be1ccf00346639caf,108
0x73393859c71d9973f1a7d0ca6a254afe1e6cbf62,103
0xd6044ab4a341c3f6b71e7d5452d0b48ea9e1d760,97
0x25b864515e601894e98ab46cdb360177807458c0,96
0x276f54e3cea438b86b5e7990cbba264bb15ccd82,96
0x4d4a685086eedd85eaefaa4d1c2fe0292c375f13,96
0xc2981afddf93ff2cba5a02ffdce51b6bf94693e8,96
0xcff5c4685d95830c0756574dddda90f4b0535729,96
0xd5529c431279b56cfba4ddab22e932b17ea40ae5,96
0x59923389141f8625b897e4a6da25e44681425bca,91
0x747fe0e7b826585c1d4ba7dd64e33c4f4a612280,89
0xbe02ad3580949c9c2086196e66a51dbeab251fae,88
0xf061c6acc642676914aa7139abc89fbf97a06112,88
0xe9d40b6966626d4cbb36362a119e78292fc6fdcf,84
0xedbadcb4e13fe40c302f8916f8884e72a1487461,84
0xd147ee6a82df2739fb165a54db474b2cd8e74fa2,81
0x0b7a29ddffc70271c3e344b222e41012e3444fd5,75
0x09f98684fe0846d0b5ef8ee4c9614d7b10fbdba4,72
0x835d19efbe5bc2cbaf188ce52550acea8e8abcc1,72
0x8fb169239e3c16d0112c056941977acdde5c4f2f,72
0xa516e68d29be4e01671fec043562c2950b469de9,72
0x28358498ad23855cd0368237cfb33eb5193cc6a2,71
0x905ab1faf6d4d5ee2fb0f7658a7bb69af7f36d80,69
0x0bc5cf1ae23147a0443dcdebed005c673acb6555,66
0xb38c9f56cdf6ad9e6aaba3b10b3673d8a8b885cd,63
0xa4f23e9a9eae680e5ff48ea972a31cc1a787500e,54
0x1d4f277088f6fa21c3c657ab62ccf9f675d2006a,51
0x1f352f7a2b845ddc315be1189331167fcd0f646d,48
0x27a27cc39e96926f08c26de89ec59a2a4373f51c,48
0x672c1e696dfd43c3edc6c2496e0aa05f320bfabe,48
0x72295c6d0f1c876b893b10650bed73f1ddb0b7d5,48
0x9437cdc227fa1a266249144e5cb3bd38c35f525f,48
0xab36d4d8f2c527bee0603c3e5ad7417e05f7aaee,48
0xaffc245066749dcf5806760a14a42aad1de2167b,48
0xbcf5a715b74b429b896b3fa415799f7bab99d443,48
0x34cadf09dbf50a39d1a68b87d7763db3961ef483,47
0xd79b425a4dc5c5cd34540a9503e4f65bf2f6e93e,46
0xe8b7e59e68d29eb45cccfb4dde4cede9c102cefc,46
0xc49cd385a7c2099154cf85bf6d33888a207d6119,44
0xedf495899cbd6beb017d558b57ce21aaeb413528,42
0x7b40fe65819878a14f9192312d1033c5d3bf3b6b,34
0x27041587c42be7974d0ed43d010851e7692f1312,32
0x47bc7b7bb1c29c85d06b814bda0ec7acd82af4c8,30
0x60117b1cea25bf56d15868353332e3f9e879ce01,30
0x0f9d14055a0654c95e78beb6314f59a6b4199bce,28
0x0a91147313b82fdb20c853646e829b8d32a9fdb8,24
0x19b9815a8607ca458cb38b5bcb0bee577443eedf,24
0x4a168bc989197bf69e94748215e4186acce2a552,24
0x519100db1d211035b8d7622fb0c15f90ed39aadd,24
0x54982127dfc877a43ff6b6b0f6af0978c3e111df,24
0x5e43242d1ac64379c57b21b2e245513359f9d8b2,24
0x648ec48016fc9d60d136ae7985ef94563084c9d7,24
0x6830e952cc790ba20859b092822b5ddd6e6c7282,24
0x75c4250e3c6ec6a491510303dbe8b6dc1fdc8087,24
0x8a0350dce57c4819240b693376dbc0e84329111d,24
0x8ebc06540f932ff3eb0dba469fd5297f1feebf80,24
0xa37b357e03066a25bb3fb294dcabb841020ec5d6,24
0xa703d1867921bb0bea4bc11e3b3a36fc9895a6ea,24
0xa75fb60ea319d4cbe816073c2048580aae7cc850,24
0xb3e723e00805907dad09fd1ae3be8b016ff3f845,24
0xd6aee459dca8c05f019e568cdcd9f75731307f67,24
0xdfd96597de176ed5714d209877ac7af70a34141f,24
0xf1b795fcb42d702f7dbcd9f0d74f9ce51bc03584,24
0xf7964ab1ab735efcd5abe5920d168058ed7dadfd,24
0x22afe11457c368ee1b0314477f0538bfb44843af,23
0x32c4681011426cce017202107dc5d458c38a217a,23
0x3b614c41e175a674940f94c6de37f4f67d1be3cf,23
0x65ffffc16247911c200dbf39a5f2d6719359eaac,23
0x7663658037d5671b09ba765c3035db0b11469b51,23
0x8b19c07d68a995ab8aa1fcca44de5c5636d00992,23
0xa6c3a886a8a40c6e8d5402f403fc705a2bf80278,23
0xbab6b7818aa11e3579c13a3fc6dcaa3d0c56391b,23
0xcb1e36ed431619636ffb357f35f348af9088d096,21
0xf049b49b2fefbe79ad0c7968d323861c09dad115,18
0x7980c7ea882456f657d950b4e492b4e37281b4f3,16
0x84bf3e960a15390a751c073770ac054993e8bbf1,16
0xdb97b58181a89266631d40da883dd3cf746da49b,14
0xacff0b070d98ea4466e055634944b1b0237408a6,12
0x602b3e539f3cbc334cd7364329d1b4f3068f0018,8
0xa3cbdd66267daaa4b51af6cd894c92054bb2f2c7,8
0x839016358583b375c9ac1c92531699a9709ab1ef,3
0x003d51df3408b672a27aabd902d38a4a78a26e2f,0
0x007ba2129e6e01dece695fc2a55acd754b606847,0
0x0094658035237026a2502c76e3a78e81ed46d3e2,0
0x00fa6095d21ee92e2703ceccc3437eaffcb58468,0
0x0215e60eea0252f43354a5120068c1770ee19d70,0
0x021dc0b14b37a19af9694e3702a312d6ff122476,0
0x0300fb2560ddf901b9bc408b119aca8f0143304a,0
0x0409c51200e5d87790a87f4565434e6cd8df9e9e,0
0x058ad35f3bd4ec42afb0cd03c1dcb42b6a1ee8bf,0
0x05a14512888dbc49e21244962278d84b9d31a705,0
0x06547c0ed0a7b8feaadc9e007051bb3a01a80e90,0
0x074d113cc4c0ca95305df8530b05437e566f6488,0
0x0855b3346bdfd39af0ad8f5487231b75f84547b1,0
0x088d9d46d987c2557e199648459d573a314e8825,0
0x09dbf33afe0ab3862ca3a3aab40634e93a6586c0,0
0x0a544302170136dd7e69c4f3a02731449e90b4b3,0
0x0aab8b17fb5e247710e9d8717e9e835822fd5a3f,0
0x0b30da71b03835972eb9f9e5e6b06b1b4770c68e,0
0x0c279516b1c5afec6be1aaa20fdc08188aab918d,0
0x0c6e5a4a59ca9f85c5fdf8f2e035b09e2d45f19a,0
0x0cc1e96f50d4984f63334804a65e04df122e5f2e,0
0x0df3ad1902e834114e68bcbd1c77fdf71304f18c,0
0x0e36ab781145cb3a0ace23da1c23889807e95d05,0
0x0e4c4d194da3e04df46742b7392e94c18b3db6c6,0
0x0f32edcbbfe8aa9d0f6e832102701d4baf228315,0
0x10676932c269392121780217568d0da8db6392f4,0
0x10ae34bc8abfe2cea3c24774d749194032226cee,0
0x10c04adbabb56416470bc69e3ff5918a8555d189,0
0x11493eb17e3417c4c658e96f847108bc0f9fae98,0
0x11540d7251c25299c600d248812af46c37d80ea7,0
0x1253192bf0f884dcceea037ccb674808dafeca4a,0
0x12e40954415a160888ffc60395971deef1fc6bec,0
0x130a80fb98565b4ebcb16b64e60d65226291a363,0
0x1458fc228b1cac77756637999430251f1baaa633,0
0x14a0af1de9e3cecef7eb8d7f7c3ee622f09d2a2e,0
0x15195901e70a2876e66e9aca0a5e6acd2de87286,0
0x167c779cf72ea2394ccbef5077408c6f02f813d4,0
0x16961859ad31fdbd145c5ca683a1cafb23575acd,0
0x16af4f17121f1a90981f17b0c00e5296b731a523,0
0x1805d6d673419169a46ee07cc77fbcf052627219,0
0x18ff928a697cb7c1f95bbd835ee23f3dc171a90e,0
0x19cdebdd7b246bef1acd1cd7ef32c416722a21f2,0
0x1a69102011f6357ebc3cc6763ea606b5944f98bd,0
0x1a6dfd5fac9b3dcc414ad82079cb2ac8e4da112b,0
0x1b97057245b243d24e984ab5d5a27ae8081c73d7,0
0x1c14c912a239686b671e78749ba810b1918d4972,0
0x1c69dc1a0281b245faf73d617614bc2f5292cdf6,0
0x1c75469c1fdeda7efe7eceaa0f7470f69de8961d,0
0x1d6d652c8e4dc69f648204b28747201305bb6d5a,0
0x1dcc4c5bab8a63eb838198a536c82b25d145d790,0
0x1dd8ee3611704b6e74fb97f7d07d664268c41452,0
0x1e7afccb0130e8f75ab690a5f7a5488ebb4e58b6,0
0x1f0c9d80ada43a7aa87d0f3bc585c344c98d7f26,0
0x205b19d236f121e030c79b4b0420ca88bb421a58,0
0x20a8136c922092e6f6b394131b4ee4c5f552c172,0
0x20f9648febe84ee9afe4a901b1591834d1f328ca,0
0x21a7cdb756fa5e493b4201a4b12b980353ade257,0
0x2255fb3a4045522b0159ed76929f4d884caf55e6,0
0x22763a09245582ddb5e27f62d40cf8609ee6bafa,0
0x234952f77b86e43f65ef76d756605819c596fb78,0
0x24478bdd69f56041b52e6270b1b23721bb0a0f46,0
0x25cfbbfd693657ec18bfc17def91b9d800254323,0
0x263cabce232e5cc8edfc56505110fcced0d301c5,0
0x26fcff74182489ee4d616aad240e5a679e727198,0
0x279b1bd67652eb5e4bcf0b525aaefcbb13cff762,0
0x287234285893e04675ee8c6de6292e44eb89f5b0,0
0x2a1a763f056ec9663b6574bee1a72a52bca5ddb1,0
0x2a9c78b88c53d5528d1769ad8d138eae194845df,0
0x2add36986e7fca9ba6423f232022fafd97ec9652,0
0x2b11dc02dd17561b2f086795f1d215016aa5034b,0
0x2b533b3fc42fda9c34299e9271a28f0d1ea22e00,0
0x2d104bf8a90bc20b26f01996ce7057dd71d5af39,0
0x2d64fc5e3d0b3e9ab8269df36152842b70c45ef8,0
0x2e941a28e6783b8beb19e87bb363b99f99c8b88f,0
0x2eb3df15919a116f4e271be47183c5b79f693f30,0
0x2ee2e2cca92b70128faf66eed8cb00c350efacf5,0
0x31a5bc205f64eea88a01f3b28329f8ca60b6d308,0
0x31c55c85b92ddf3c5952067191731f200408a0ba,0
0x3346c9f30771c49c29bea5ac6c38ad5732273f24,0
0x33e28c8279f32f87469e9d0834f05720c8c79585,0
0x362a893a18d68029497c7d03e29e9a01f93a3b73,0
0x364229518ba0f85e19bfe4925bfd640279376d4a,0
0x3653da77a8863a8bef0f2fb7ded2ab2c2e16f7c1,0
0x366335d6c32f033ba526537691a320088f4cbb61,0
0x379538193e6fd0ff8502189e859132b1cf877901,0
0x3805f59cad874f60fb9feccfc4f8ecb9f82486b1,0
0x3ae0f51d472438069ea35ace7c303d1dd5103ed5,0
0x3be7fe9be7a924a51564715a1c00d141eeb045f1,0
0x3cbbec292d7df4b46125976cff90ff3cd6e74a19,0
0x3cbd72101bd157904076a6ad8046390028e2edb2,0
0x3db0d934859697c52aacf429ffe9ba61f3b844e0,0
0x40dd9677df29a935b9afe3133d3c5c2eba2fb6db,0
0x416e269cc2bf8f9cf56cd70038c0714bb2fb2223,0
0x4461a135cefe4f05240c26eaff688d824da763ae,0
0x450eb5e44f1f02b8be34eda78bf1efcddf59c241,0
0x480757354ba543aa1eafac31ca5eb0d42f2ca31e,0
0x48475efdfe062024d0a90293cad914039f6eaf0a,0
0x49d148d02d3a5b1fcd91c2bf4deb96b174d11ab6,0
0x4a12e1ff5c5bce21ff5a4a1b487780d921188efa,0
0x4a2d571b96fd9d373271d3fd208ee4427fab3f22,0
0x4d8138d43053502f01a83109e584db55af32ca25,0
0x4df559ca84e4b24e46a5e9ca13f7027a4be1df42,0
0x4e3e521014abbf2bae0cbf10a8419d9f4e91331e,0
0x546cc6ae8294f02e084555c207c26c96affa67bc,0
0x54a2582d8ba7147991b875c8343b45a5fd88e0c7,0
0x54f7a0d03995faf9143244ae3291607c1b4b4e14,0
0x55489096baefa16eacf27252c265d96763543cb0,0
0x555d4e04401b54fa111260b27e6f6bbb2ea51f3b,0
0x55a6b3072c0b82cba2740b15d80875461ad48953,0
0x565162310cde2f3ac25222a99ca91f212cbafcba,0
0x56a1d5e2056cc0e7142c045f58a66f237169bbee,0
0x56ff35976be8581ff7e95a02af95d424555c86e2,0
0x572237236d056c924f2494bc5c1924705cd8639e,0
0x586a8bd2a4673b392f324c3c25ccec151de1a589,0
0x5977970aa74886be0eb8d4e87c8feb724bfeb612,0
0x599842bca462d2efcceb34551718f50df244a4b9,0
0x59d85d85dfdf11a5e179ca508328ce4cfcee7a74,0
0x5b08d4d3af1dcde30ac5f1aff30247b9d09b1199,0
0x5c134fadd488dcdd19d8ff19e368d85d28dc1ce0,0
0x5cf941f075b7cff4e2e71a340ee2e2d81cc933b8,0
0x5d30c8bbb6f6f8789d20ea9c6879b2a39e75a3d1,0
0x5d8c4be81a1203821b464bd76f43967f724d5004,0
0x5dc35c28be3a3ac64c2896ae6192e284c50ce5a1,0
0x5e8a94d08b79a6eb77a1a8321566ca080fc804b0,0
0x5e97bf2ec8c556d24f8bd57f94c232e3b0f293cc,0
0x5f07c7cbd39560037bf18fa7cae94f47dc24b555,0
0x5f2a5ce27b5a2e6a4df4f565b723e3979f856563,0
0x5f532240add9ea49c3cfb0dc5d15aa08c0145d88,0
0x6005bd7e4c27a6af344becccf120862ccafc099b,0
0x606feb20c03a797a42390163dedd1d45297af73f,0
0x60fca5653db4debf33443511a16f1e1ae2f597bd,0
0x61224624e5ff1e115f65994ff0394fcaf214798c,0
0x612a01b350d6bed9a75397cf10cfda94c2d86221,0
0x6354c78bd4e4445ad86744c1d9793ec4e17d9784,0
0x6421b3302c33df051f9f1f004fa1accc9e37512f,0
0x64c2d415e6a0f07437072198602108de7ed597c6,0
0x6544738bb9c8b75c4325ddce49f6fb5c78aa6911,0
0x6575476926e85534f33503305a6863605a2d35ab,0
0x658d3c3211cf0f202d5b4a9bfa96c31b8f5812d7,0
0x6590e05d29ad45bfa0b79f4930dd5070a5fb87c5,0
0x668efda64df9290346d638bc6616ec1b00fcad31,0
0x677f329bcd8c49734e4518724e653f6f8d418bda,0
0x67e16de6edfccba0f11f39a8bd5edd08fc0702ca,0
0x68132b074241394d3d243197fdcc8b4d737a0483,0
0x683980b8b8299c423695f084fab2457bf48e21fe,0
0x6864b59eb3872e38490600641cc8dc515f26922b,0
0x68e73418c6c725ea3da16e96b39dad3bc1bc3774,0
0x69a3623fa92a787f96d8e1354b8f676bc58da858,0
0x6a3d6f759a93aa5fa54613b82db741d0da947425,0
0x6b8678559b221fe4f873a649aee44ad8e644e74a,0
0x6b9af1812b48c5bb9571b2f9ca5d1a37e8ed58a2,0
0x6c5f087abba2dbcf621b0c8eeb555b928127af09,0
0x6cf55cdba5cc13e68b30359cdec104dd69dd06a7,0
0x6e1faa5aa8cb2951dab190a9469ca289d9f4d11c,0
0x6eacd5937faf878cb480a7b1310afa6f20cd303e,0
0x70dd7959a5235f2271e2de16aa93102c97231280,0
0x7293230cde20282fc46ee23a6689af13fccdaa88,0
0x75fb2d73f720e3e8f2880a8b809cb6aa25ac7fd3,0
0x7659c65bae31668f50e8898d1c12e37c70e20295,0
0x76836010606effbb53c1bf5fa39eebda35fb8539,0
0x77eeb5d634006875d25e60c7aff0f7918f274cd9,0
0x79a076e8019c171414a2175913b6d756c054e3ab,0
0x7a164e8326b1ae2af9858c3e43f06067a955777e,0
0x7ade7737695ca4fe5a6baf0a7e24ee526afc417b,0
0x7bf0b0b37d95f0368008f23e42961d3ca64d02b3,0
0x7c1085ef5793c6acb44fde25a052f0cfbeac70a8,0
0x7c5479f7bc83ce82516e690c1d0735e221f2a611,0
0x7d3d131bc6d59728b21f0a2a99baa86dd673b23e,0
0x7defc8e1a2e1ae6a4c1076cff6b7220cfdde1600,0
0x7e2c7bdba92b0afa3ac20c99b8ca63fd831f6dd2,0
0x7e3a2795e6f27c8ade4b1abafc173c0bc9a4e001,0
0x7eb45a41099f0f80bae757b6a1d5b94403551bdc,0
0x8166c0b094ba5425fc7a5750af20fe59beb1bf9a,0
0x835c2a765e235f90c1fc5eebb8e0517da3033649,0
0x83f17975bb0b3ff3f8d0124651ac9114aec1a69b,0
0x8455a816aac18e229f23cba44ea7f0198b2de7a3,0
0x845ef30d9c37b9b8b5e336911960639dbd802e33,0
0x8461deeb205cfb34d86752c390510a8f66aeef47,0
0x848be09a1705617f407c309586f1dc71ce690448,0
0x85a80b6b6faa06f45425e0bfa312f75d94ce1d1a,0
0x86513ed09043f4de377b419ca76394c6d898898f,0
0x87f7beeda96216ec2a325e417a45ed262495686b,0
0x87f8c64e99bae0b50f3552947d93d750fedb0242,0
0x8ba4355b1ce0c9e7114f1c867a8f448feb3e8c94,0
0x8c01481c053de9671c22e81c7990da501afb1ef5,0
0x8c203b5596aae2d69474d0b98768c83cc03fd340,0
0x8c3d16f983e38464520c6ecbfef251977bb86f5c,0
0x8cd187bfeb928a701c7063ddbb3a3d3b6041cd9b,0
0x8e8dccd76a492ee5492cbc9c6ce57f7a37b6bee5,0
0x9092814918a919d4c4bf0bc0e4c5051c3137b802,0
0x9293ab355452e6a19a52a33d1c6c1a144b51a9ac,0
0x9386a5cc11e034f6fc6c2dda0d10df03ef93f750,0
0x948aa2a06082f716fdad0fd088cd19d9b53c6f07,0
0x95162575f95710013f836f52bc661639a75785d4,0
0x95388ce6e6adc6d408997e73484a2b14f9ef01f0,0
0x9581ba6019ef9d302b4e25f9115e7d941b35c260,0
0x96171c08523f92c1ba7f8392e52f43a5b6082870,0
0x98a692e9ecd1476a22cc218beaa452582e3cf308,0
0x98d6df316cbe71fb08ec1ecd752868db8afcaa32,0
0x98dec6f36ab05df5725c69bf3bfbe02eacc6b9e0,0
0x9a14ff31d22e610f94c2f156c3f15f3ead29c40b,0
0x9a5ab0dfc40e70b957ae12172487ad7a9090c750,0
0x9ab5f898a1a7b0b01c7f3b7679b92b411949408e,0
0x9b465139fe2433159f18acacbe800eaa1641224d,0
0x9b8bd0f0e70fa04cfe59e66fa52dc26722813fc9,0
0x9c2179c2c4fd7f3543bc4eb57ed32fd43fd17846,0
0x9d1374034db3eb0a730b6e8b9f66c152fd08960b,0
0x9f0edfad9457473a256c30fe9df3f2dbddc90db9,0
0xa008c1c7d1fbf42149e9ad9c158f80ab26ce8471,0
0xa1145f431606adb24de0413a8832708769e907f6,0
0xa1cc7e6d0a1ff7d03f8fedc26c12ab73d4f94940,0
0xa263ed98f902da4f89f5786002054fb68ce85d26,0
0xa27e199047e88769c8bdccd334512a8feb34fd75,0
0xa404d29480a3910ab0e245b6fe076d6a9c9463c2,0
0xa46e3c868e1b3a1795f36297e57c3ccaecd6e243,0
0xa4ccc13eebd1c2e59d4b95e2a50deac62edbcab7,0
0xa5e8d2e32dc50eed49f7128561af27688c0d092f,0
0xa6e2057ca726cbf342c772b2bcc4091a45bee5e0,0
0xa783773a1a658592cd615a6547b5166e87c7c224,0
0xa7f84b8bc5c5d7b086b5e2d08d83c199b0bf3e9b,0
0xa856a26d279151c86fd855a561e207e756b2ca8c,0
0xa8aabb54ce6d33dc8765925285d511f277a9b67c,0
0xa947df3de8febefaa02f187e95c5058d6ee7f004,0
0xa958b214a7192513fb86e096410aec83315dd22b,0
0xa976e825b11bfbe42212cbba8629414cc2178d25,0
0xab83f42640236bddb6fb4136f79a1ce828873415,0
0xac194fe12c28f40f4a44d646530d24b3741d5a75,0
0xac330c99af3a3da549afc7dfcd7566ca5071a494,0
0xac80f3649244815859cc05c8839584b3a38eef16,0
0xae89e51f6499ad3e7368b5f64fb1697c00f9e7f9,0
0xaf0e2c5c410f3ee8c4e1d0f5ac4a3e0602a542ab,0
0xb05ea907a8525c69203a8869a33cb7ee71d6ba38,0
0xb0ca392087ae2845016f2080083e71a33f5a85a5,0
0xb1b8dc9ed41bd5c79c90192691d42a0eb77bc683,0
0xb1cf04a487b86763224c2492bde95c0d6ab50ccc,0
0xb1d796f491b000e1feee36fdbbf1e9a0ebdf6578,0
0xb1e19ed58a27d91c410c56ee80757997c188f598,0
0xb315a243f4846c48866938bb8401a9903ab51a59,0
0xb4b1128bf1c0a97c21cc47e9c688ddf9b38a269d,0
0xb4b6b77b5977f53ccc95a140a4d31c1b11e00d1a,0
0xb4d9549be014e7d107880c28e5d7b5985bad70cb,0
0xb50dd633854a804f540593cfa0de047fb1067fcf,0
0xb62be44b0e0bc58502856ffc68e4f6bf0cd154e4,0
0xb6a6b673c0395402f131ade121f4862f678b3924,0
0xb7f177cf84b7636b871184fd3969113451d781aa,0
0xb84516f02f5424ed30560346e23f6564a94405b3,0
0xb89001047138f540bd9f7451e86e8f1ca4e03d09,0
0xb93cacb4f926aad92b7138d5b6431616c84892f0,0
0xb94cbf03fe0ab6f3178e2987da8423fa43b99818,0
0xb9870c7bdccb472b7fb4997d7a584c83df4991c9,0
0xba19ab4b97d52caaf82c3f2866fca81b88b84a26,0
0xba493c278e7cb097e5f4f65f90feec53d92d56e3,0
0xba987730f58015694f16e21e1fd65e8b7f685385,0
0xbb3e8c5346325d44df7b17ba521b56ecea05a953,0
0xbcad7c2a1b1f9e1d470a5f04c764b227f64897de,0
0xc09c6048f673ce4446d54740a29979471c2db8f9,0
0xc126186abccfb5889eb46c9435638e18cd390487,0
0xc12cdd0a656a0ea9964430f2397eb75d137586a2,0
0xc2e478b16983c3d81f3c8afe4066f9dbe5ef0ce8,0
0xc30e46811b038298534053bc17e0f95af24ce780,0
0xc37b9eaecaa5bf9ecbb9c867c0e4997482d71d8c,0
0xc45f3e9991a6a8944e0a40098add58f0fd61b0f7,0
0xc8c8c91f111a8979a0c0e7d762977372cea0a7cb,0
0xc9145c3a273c5f73f5f254a1f2e7e26a3872a431,0
0xc962db1e4cf271c0416c4033b7ea2cb9635d3a2c,0
0xc976e08fa4b9561bf2590084fd3cd53d290594a1,0
0xca77ae5734f7cb3288eb4850a582897342499a81,0
0xcb1ec568f627e4766463fc3b751e8fd400afc6ca,0
0xcb265781c3ec546d2a27347c3fbb9c8e0b75045c,0
0xcbc0a4d2a20b5ae920c7371ca503f3ae2695c528,0
0xcc214110413a16754cfb07cd49cd031d9e524ca4,0
0xced7ffe1f86e920ba271e98a6ccfe8298eaee846,0
0xcfd3d7fcba87c017ae6346ac371374f416ce9be9,0
0xd18857f3453c9e7cfdf8226756a42f9a5e32087f,0
0xd1a61af3b68de6814c5ad99f509816d78c3047a5,0
0xd1d6bc15f784d351cdfb52c26b0d11992971e21d,0
0xd2835132c38a1dcda96f27503a8153b778b98287,0
0xd3232cf9e7f681fa05053479573f1791e3b48616,0
0xd37f98be637e5460f1190025222e420f3a63fabd,0
0xd630913974692ec483ea6a477c98c21822281199,0
0xd664f84ff861e42f55d5f2d71fdb3e1e53e1d454,0
0xd7be4ad6732ac1b1e46af2a7a6f3de19a238d04e,0
0xd7e28e3acdafb1e793750ba4206cca0e1814e6d5,0
0xd8993c98d2dd225f0448429b793ee9e7d624f14f,0
0xd8fea06a006ef93dcc454baa8752a4e72f9d8469,0
0xdaeafb1d7dd4bd00d776ab360317ae359688069b,0
0xdc4759d6c74b3b260f0944657713987c226e22f9,0
0xdceb1c75f8e5771e1ab47aa91b9f85a9b009e87d,0
0xdd4fb73debfdaca2765f5698b83f7ad81caa32ed,0
0xdd5a6a85dffae385289fb2f8f0ab941e427b18bc,0
0xdd7b2a3aa320f5f564b26a03a0af46ee4c5547cf,0
0xddcb5e47119ab47f46adf7b2e0746a56bd3cf1f2,0
0xde268f96efd9eb39ad0aa4922b1d950a84faea7d,0
0xde4d5886da98c3a1140260aaf536a2f1262e2948,0
0xdeb933a48bd79b4ef4110e1167b74ce37785bc07,0
0xe0b0585d1c78c681551d1ea3714f60ca63396c11,0
0xe0d612f482e43bfdc25e0c1c36a4728ad3b7ca43,0
0xe14b14c37426d337fabb1e9fc21f74bb2b54f97e,0
0xe15fd03ddca5e7d2eba6a533d8354fc6c5b01386,0
0xe16dd8863578b86e32e5a0aa0914a6ece2d2464e,0
0xe20738f88e693f58ef21d139a5f8c11d4e586b5c,0
0xe26177e077445ba47a41581b8fb2b61c49d57c8f,0
0xe2fa3ae9b6f409b7fc6dd6dce98aba74e92e4f84,0
0xe3f17aca5f32c15d69070969722303a66a606c5c,0
0xe51b3d74b9e8203b5e817e691a5d0d7f00898fbd,0
0xe6919a5e9ce6d30f38b55fb11fa185aabe8656c4,0
0xe81af32713b0f7c57a49ddaa885ed5eb04dc2580,0
0xe8f83e7a31e700f15b0e0653db67161341ddb7ef,0
0xe926b405288e9543b2e970faee7b81e1aa5fba0f,0
0xe9746916f86f536f49cce42d044ecc8fe7851716,0
0xebba88261562a25a1a258786f405a16e0921e3a9,0
0xee66612bacbf114f54bf3a70e9f30257452f2085,0
0xefc1825b2327dd7ec04722f644c1083b43352f45,0
0xf264f68c113d7398f4707e3f4dd0e2fa7e933a2c,0
0xf32e397c89d3e82fcbadb085e42f8fe00ca823ee,0
0xf5889ca37efac9ace8139dd10859b234e68f3c9e,0
0xf8a27ef904341b983239455f739955cd5f1173a9,0
0xf90daee35d44e1d779d135008bd6d1cf11bc5e21,0
0xf9490648b6200b798d917f04cc510ec488a7318f,0
0xf96ba8358edda898b33bef728e3282e8670348f7,0
0xfa01f0d26fdde2af3e3fd8dd6d30405312ef36f5,0
0xfb390441ff968f7569cd6f3cf01cb7214dfeed31,0
0xff4d19251c1cf74c7eec3b683c5ba9f032894691,0
0xff536328697859ec41b4f6a7e3a9cc3f372b0760,0
0xff76b5f10ab2c1ed60670b00f492ebdb67187457,0
0xfff67a4355a12ad68298254b1b4d0d9057ee5064,0
