address,total_rewards
0xae4e8fcbd07459789d6126b1917746d66db7ea0c,4192083
0x93b8ce5ec9a8713a1f560e4741ffc5616f7bab61,3088043
0xc5e624d6824e626a6f14457810e794e4603cfee2,2203896
0x63aef7616882f488bca97361d1c24f05b4657ae5,1795539
0x8ddb908c77ccc9cfde28ddf84311cb6fdf3f3125,1111216
0xf7ae622c77d0580f02bcb2f92380d61e3f6e466c,774693
0x0874bc1383958e2475df73dc68c4f09658e23777,671060
0xca2229dd9b45ca69e85fd7119b2df292bc4b8efb,565430
0xc8f73804744246bd47cafe58ec656431208c18aa,555651
0x0c56b39184e22249e35efcb9394872f0d025256b,496890
0x3d726623456e34e8a7f5567f6249ec4d72cc3595,492792
0xf0db4646e4be8e2094cd6d7c6d253a87eec7af58,442439
0x55fa13b0ed6502243ff69707ffbc2ef4c77d3555,387818
0xcca877408c68878ea02afd1c441cdaaa05d061f1,251735
0x6dda3d258e21abc37668e82ae543e8c77567f220,250594
0xf058ccfb2324310c33e8fd9a1dda8e99c8beda59,227370
0xec5b553e964b0b720703ef80f0f36f0e5ec3e61c,226254
0xc2212098ade1999aa66cae2fc9b398e87aa9643e,220021
0xd94f00aa2904b3e2b84ef4e665e2b3e80e1a450f,216695
0x45636ccfbd84c2e6cd7a17722679456dad55d954,214580
0xbd74dcece6657eac00e55c442220319da39206c1,212804
0x17fe98a222c41217c51c823352537dc542ad06ef,210955
0xe9e284277648fcdb09b8efc1832c73c09b5ecf59,209362
0x6ae3a277332606ae46ba194e3952b29c20302066,201238
0x86b234a86d57e707fbe1a406780941fdab6690a5,196192
0x1aaf9df7f4fa989b30355d460a5ef3f484efbd1c,152860
0x59b89d8d636aa06e5827b2d5ca007c397357152e,149441
0x7263c09df9a22babeffd83e26414912184956e4e,128856
0x732e1e1075800da206ae0abd0abb13a9aa8278aa,125697
0xacff0b070d98ea4466e055634944b1b0237408a6,124946
0x94b3ed13a89d89e3ad855864b309d2c944fcd310,123122
0x7f0e5488a651c08f84df8e4088303c94c58a728b,105574
0xdac976629020966a03ed95f19d0db8f3a8a7215a,102500
0xa6d784ce4dc3f2a7c4c5813e7c20b750f2ce7975,86676
0x1e9673315e0ada0db640c299ddd2a1d81d220180,82469
0xdd69d131fbaa48264db48c174d09548e55f6ec10,78085
0x5c805b00ecc0a493c2cd555fc3f7436a763a4d8c,77541
0x9b047990ccf23bdb9da1162345d5fe5a599b3067,69201
0x595413e38bc847eb5dc2738cef764ea2c76a6ff3,62551
0xcf7872f3ad1f2609aefc0f1805f9f046ac559848,56024
0xaf2788c6b3b080fc7e6efe1c4ef861ab087a0589,54934
0x1cb58cfd33587131369d7db48120ba568a1e61d9,53761
0x2fa5476d102cce87357de77c128b263d9b98392f,53756
0x3a00b186162de157f74a694b79fde9ae27baa570,53235
0x124d9d49fac16dfb08832af857d9296762df7ad8,49497
0x3536e3a482ad1e419c090ad62b0028ed66ae15f9,49226
0x08d03c053a54374dd3e2fe8d240af85c7ffb2088,46808
0x87381144e4c119a8a453a9cd7cd513539e3bd886,45722
0xb85b15197f0d827fe7350c45400dbafe850e54f9,45588
0xfb6f219e4ea306d37fc842675dc5d9510d46cb60,44353
0xcadfd6996d950b3e9d88840fa73f4cd0ffe38d7c,43533
0xca03bd2be080c8fdaa5106cf164a1a13aae0fcd0,43265
0x9d831e73ecad323edadde2e6ba9093b65f10f19e,41484
0x51334a767a967b9edbf0886e9b943ed77a6ff3cb,40352
0xe6403fdff818a6f96d337ff90f7565468fa03e80,39561
0x09da5986fa202784018c523f7a2c12b2c4583403,39496
0x6498ed4e7577584a59e621e42de4ed0dce80c136,38972
0x6f79a2cd513e3db2b886683ec8fe5429dc999a47,38397
0xe7adf135c7989ab554e4a363783fd0d5ea495c61,37984
0x29741ff6a136fa89c95c8701b32d7c07b838eadc,37432
0x69c57da3914693dbc5e96ff6c37216e70c6fbbc9,37397
0xbae7fb168206d12152980162dd9f96dc7d5d2e8a,36443
0x56bd2541538258bc8b62c00904bb1f19ea99eebc,35929
0xf1c58084756bee3ca9b4a4505ea37be61a624c30,35476
0xc2326185635b059d51d605340b1615f265f9ec2d,34675
0x20bfbc40fcd9f296a209feb86724bf1185d2bbe6,34196
0x24b693822a0abe8e2cb9b4dde29e4cbefdf09814,32567
0xf06038de471ad178c53b8a1d88ddf44bf6c0a1dd,32455
0x5627fa7883e7ed4790b8839e55fbaac79d43104d,32445
0x67dfe0230621754df1a477a1e6399dbb2e944f08,31692
0x91020245fed3ea0e45ac97bf6968e90033a933f5,31284
0xb7a0d28fe88e8f5bd690dd5bc558fbe679dde0e6,30932
0x8b0db71ee5abda29ba2a36f0e69926a213cd7d66,30380
0x8fffb9d239ef30b028b69b1d579fce787a71dcf6,30098
0xb0201e5f9ef85374fd31602a7b876a15bd35e510,29746
0x0004f536eb5212391f236b83e298f608063cc593,29453
0xc040162069fee0485572aad993149b6df9d7ff76,28517
0xc5c845576e39dfd98125e887801b0f72298a5302,28246
0xc82ec0f3c834d337c51c9375a1c0a65ce7aadaec,28018
0xd1a0931de7a002d0d47117404bcbb3443fafb618,27718
0x6598feb8a2992c794e1c8167fd88e67bc64b88e0,26533
0x2fa676f4d6bdbba48a52069c58a986b9b9efe3fe,25536
0x541b25ece863c085c37ea2db2dff506c95bd3236,25151
0x58eeabc0cb387118ee0e5c43a29ad8f6eaf6fd96,24827
0x2b3fbd3fa6cc322bf2cd9fb58faf540466b395b7,24771
0xe5f8342c98c79c4701912e6c1da5bf6fb2263671,23706
0x8682750067e169984828715ae7ace54240ef65ac,23617
0xdced13066db99327a415643a808f8c41efbb4d4e,22745
0xa7ca3fab938e598b824088a9a7ec0a7118120b91,22278
0x18085025c2269d74d84e4d2c490f207814b72f70,22136
0x3f2f7ff926017eafabefd9533d0c2ab11568c1dd,22073
0xf0fadbafb1eba79c40a7635ffc798efc5dc8e20d,21657
0xcb469d51b82723dd7b3e3f0b230692025c391d47,21036
0x871169022e4f16d5c04bd3d84a823c16474f14de,20736
0x6d81ab59cbb1f757b0346099b1c5bbf4a9bc2852,19617
0x734534e4e3d740e642d1d1c9ab22796e498a2c50,19053
0xcdb1024a7c87f416ddf8f011f5813c685de441cd,17906
0x2d8771c600119bbd21bcb4d312db78e706cc1b96,17712
0xba29160b15322a81a5bc94e7e78cd8f5d3ba5958,17349
0x6e275ec6cc5e36d97879c4f24159df4e4b2dae10,16593
0x876714b05d98fe2e651dfa6e956ae99c9cae9c3c,16559
0x417bae373df9312212266c642de0ee47cf974fc9,16547
0x2d8c251fc3beb87ab9206946a69ad8ef3901ab54,16481
0x3984f5d2e988b76e87282f53c7c46a165a5f108b,15789
0x2582e9808b0d78224bd6ddca5a4bdbc579f7d7b2,15753
0x9b3853cc5734f18ab95e99e6fa4e7fb5da1e1186,15691
0x79e74dfc0c134ba10280b8222eb122aa61a3858d,15600
0x8e24baaaccc39a1991cdf4182afe350adcf87150,15248
0xff99012a107ab88b19a08b3d83a6fa2fb561e6d8,14753
0xd9b0470b80bf270776cae229843b0866e677a6ba,14544
0x8f4ab2eb24a337f6931df5b6388a659efe7b600d,14341
0x9360d77321e9e5bac26617a09b2737d37cb48a2e,14269
0x14127376dc2b0c23036764db1e12e7efd9645566,14129
0x96a66500baaf982191f1b81416fd43cfb6f23087,14126
0xb78a7cf75a7839299f32ad8444c11004b7c2d998,13898
0xbc62baa3a1ab2e40d7142594c1b26a09e20044ef,13888
0x5ba2622cc99315ae5dbb38072d2bb5242678f852,13855
0xd897411c97100ff57ed8f0e48dfeed1626c44d76,13844
0xfb66e7d2e9da45a2b74b18203114e27aab880132,13763
0xc8e6088387709a26bbfb6175ca3c59cd58751764,13661
0x2bd97a82219657f234f7925de5a06f0cb342e2ab,13643
0x8287928a809346df4cd53a096025a1136f7c4ff5,13532
0x0eb68ade962a67aba73328769e02e1ae7be7f6f7,13423
0x6b8ba1eb558396dda171da5f33f2a28e841157fb,13337
0xdff0c207e0595e20f1bce4149918df19c667092f,13333
0xe02e1a292fbd4a5bd353003eb9f20d6bf64ce959,13282
0xc122845e1312bcf4aa3d025aa6d7643a6906e85e,13229
0x13844586ed2ecf092e6a78cd1d08781398edd194,13085
0x7ad14502fb36d1567647cd626f091b96eda4858d,13067
0x8146bb51a52f6a06af8c6071be6acaf16ef438e4,13066
0x97a635d5d7690b4f88a4a983a3c5b8733243d4aa,13057
0x0c2e2f6f1041599a0ab2ac27ced05da37de742ff,12903
0xbf23bb178502f31c08cabe0227df1e0f70495501,12842
0xf6de2df713b2aa9d6e77f6a031bbb1202737f99d,12773
0xc17cafa9d53398e135c6d9a28162b619b154573b,12749
0x0420ecb2e3717eef7a4c5e1f519b0d5114c35bdb,12637
0xa958b214a7192513fb86e096410aec83315dd22b,12621
0x34a81d5618a26e87747552c78ec29c38032069c0,12614
0x922736173d515d66893c5a7747cd87a895c19df8,12608
0xa917f65f35834f6092825f4734c2554f104be4ac,12498
0x36cff469705fbe4a62557a0a70871714da390deb,12487
0x669a5f34bdbe50ce333467ac933d0aadb241d731,12420
0x263339addb25d529964dded2088f81df423dc32c,12363
0xec4169f23b7e1c75ce4b4ce8998471d71f0b4e02,12217
0xd33d36cb47e8853abe9e3ac8e229f7bdc7e05ffd,12038
0x47c95827d426d844f36118f9f1af320672794f8c,11992
0x74b10c5e374a762067b3dbcb8b935bfed3938cc5,11729
0x7e7894dfca2c41067fc5705132e6323ef99eeadd,11366
0x3f17d304ab0f0db2721a6b05cf2b2de15b1840db,11000
0x9b14ebcdbdaee6a46b78493475fcf1277278d3b3,10987
0x8aa306735c453de979591d1fefdeef4660f246af,10519
0x2107b9ebafe8bcd830c40991aba35ab79811ca25,10341
0x27a07f50713472c5c25b21b7897bb9c2ef90208a,10253
0xdd4fb73debfdaca2765f5698b83f7ad81caa32ed,10196
0xfa575bfc7307af32cc084a525c796a4a06ef403f,10172
0x392b7f2391d8df0c60a4c0a310a2be279cf4cd36,10084
0x284357c1b3ff1ca0c268097a10dd20187dfe760d,9920
0xaa433bce2abacb6bd7c53947c6ba49c9cf06fdfa,9635
0x6db06f55b779a8140020419f712ec87bfa26427c,9425
0x59ab7428f709393b14ee2b579895087addcaaa94,9332
0x5f2289d6a0b6a163599dcfb5da2c60d87cb5e9a4,9277
0xcfb0a1637e9af76a544b3066a9ad24d935fcbe0e,9211
0xdf8a3460d5e2cfa33c8aa296c5c52ea966f2dfde,9126
0xf1dbdc482cb7730c86db25266d3faddf8d3a13b2,8693
0x8d40b198fec5d7dbbb059ee047b5fc12b8360d85,8457
0x030d7b83028e0c7b000a9d4fd6c7e792d960caa6,8363
0x1877c12d3d624d5fa169a161b3133728915dfb3c,8357
0xed108b302adbaadb62e0f7f4f46d43c1e4d351a2,8263
0x6cc1b637f518ee5ffa069aa78d70214a9005d390,8258
0x72b6f181dab2722701ba2a21404b7c83911150a0,8198
0x2e8b100471419ef5cf6440daa69b4171d1ede352,8033
0x7f169c7f83b1d1a911c621ab81a6a62dd9031da0,8028
0x00fc3beabd3b51be88545ff28c0b6d5115996b8d,7960
0x9d4079d2ab6a84fccdce3e2c698aa523215cef3d,7934
0xec6966d837d6151b5959cfb90dd79b1ea40b9608,7830
0x1223575c6bcb6e942a727af058fa7935136a03e5,7798
0x76ee671ee947179c7713cbef2e69d6ad37048dbb,7763
0xc167b35e8c0c31cb16ba183b617dc79734e785e6,7718
0x32289df1cad17663c5487fafbbdaada306cf1764,7657
0x6d7d11ce3bc280a14bbe795db735b7d307d337bd,7578
0xd031419f4c2da9ed793b76140e1b2f59753f3ff6,7546
0x262eef0a806e113d91d71bbf5f7b20fae9f3caac,7527
0x8025c0868813bd2f76b2f66c064dbe313071d244,7526
0x8e0cfb43b814e8a919d7a80987dda5b98ad401e9,7232
0x9eeee3aae3db3433fa302c321bab449b449d7686,7020
0x0bd8009056d053d156a5274059678eb680231131,6993
0xc43bc15e6e8c5976b33216ba29fd4bee1a112eaf,6895
0x6b907cc08e91b5ed95107ecac9b9b1edf220ba48,6535
0xfa76fc2362f93bf8e361c2d7cca528706512fca6,6420
0xc860150568c2a51638540d601d02781db3063900,6400
0x61a61d776966ad41ced0c3008b3f5e4fd50b339c,6346
0x4188e101835cfcac78f304a717ae8f08a2ea51e1,6239
0x336d4b9a1a44e32976140a3d6c393ded742bd3b2,6163
0x170a706635b481bcde17c5ef4670f2161bb7b6a8,6067
0x9b21d8f2a2aac3e28ffd8e3c7c925ee5d5daf20b,5926
0xb4d4f0e476afe791b26b39985a65b1bc1bbacdca,5900
0x71a0591e6f3545bcca59b0a639cff8a6b5fc32fb,5845
0x8724ddcb641bba407e00f9998ccbf664c7c8c7ef,5699
0x03bad730106fd0856bcddda347265fcd3b9b12e4,5610
0xdb80549944354fe391ce57026272e022ed7632ef,5533
0x8d0e0b57b94ac868839e164ef27240635caff6e8,5486
0x55544cdef4b63e61a8735c64d0c7dde0fa9f82f5,5408
0x954af0920a6f67e796ef14f831663fda0748f190,5366
0xb762a542a5c50d18e1e13d54246e1dd2c1fa40fd,5152
0x65ebedb23002178f94caf0b49cbbf8dbbf8abd72,5149
0xd00e6dad2d07ba83875a533c7d7f2bcc874e278c,5105
0x495649ab73acc35b12c0e41eac6a731241bd010e,5079
0x925558e25833411f3a63e0eddc256d564ad39dcd,5037
0x8faa3064df3279ea832223fd5db33d3684f43e30,5030
0x1b8ae9b91cc388c0e2fb65636251bd54a9e2740b,4995
0xc2e62a75f79d9b4adda9b4edebb1039b0c70f9b9,4955
0x4eef9ff3e0d2040cc71840ab6be98795d3c07bd9,4931
0x73928dc29caf06dd68826c0ddabd69ad11819913,4910
0x241d0cb03d29ce42f262229c25099652731b8783,4886
0x96e87f55f8807e6737667426f48dad0d9591d37f,4758
0x2092abea1b85ec6783e7925b34539b7d75560fdf,4655
0xbca9c546fec69c54930e0517f7849d356c44ba2c,4622
0xfa7aa93954c9f65a6685d035cfb929ccdcf560f3,4503
0x2b21994ed0e7e6e787b43fb501c4faf2ed1f8b38,4488
0xd14021a7b8fba0cffa1e1fb65082f683e03202b1,4356
0x42765a44019c6217b472a049f9b72bd181d9faeb,4338
0xaf1f2d81a41e85367ff110700e94efdcff602440,4330
0x1e7dd142e3f89f3abb88f07fe71344725c26f6ce,4311
0xb60b4c15b2e8e22dfd9a4b6197128f8f21a8db9a,4303
0xf641ece2f5ef56531478da4964ea862244a69341,4228
0x7573d839cb49aad623fd0b17c2d5435b6ef3b2f3,4217
0xcb6c66407e21bbe3cf062028e061adb1804527d4,4087
0x6a47df28ddebd92e9edf0b61b023aa3474c9bfca,4081
0x0a42c65da520f33688605f884dfdd8126e6f454e,4076
0x9070edf8cc45f8cd8b539e83574db7f4eb069fab,4018
0x4579c9876a6b1dc9bf0b8e0e700789d6638db725,3997
0x8e14e787665cd7d81bc624cae383e17ca1a2f752,3979
0x18b1b66a347c0ea2f6972893e4f82ee668cebe34,3869
0xc6cb1b6c6f1639d2fba96c033ac2f1d12fcc1449,3839
0xd4f588043590a1573e96e170b9ab5da4cacd993d,3834
0xcc2a8472f5a9ee275639fa6bf6bb901e5cefdf5a,3807
0x42a4589beee725bc5532251756eac4a3b72218c8,3761
0x6812a74e57bad9a7b482450d0fcc42b83fdf673e,3759
0xa12599a8a05942f3772ec3da1fa27288a3f9ec6a,3755
0x83979c3b1561bb2d274a05a9f5c5a94454c90a5c,3750
0x5925039a7b9381dcfc67bdbd3dcc274281792084,3746
0xfe61541adf37444290b9be659b6d61794b87c7e7,3730
0x4961271c6be14562410be41b74b21d85786437a4,3726
0x9276d686031e9866d0a15a61d59e640ec2e58423,3722
0xbc5b97597964e58220587e72ed759d44d21a4bae,3687
0xbbb2d809e75d11b30f4f6eade9dac66342287a65,3661
0x127c219b245a440eb271278bbccdc0145106da50,3517
0xb22546c0402a47ee9777b5b8115f0bac0f963e38,3415
0x80a3e892328b66d007cef0a3893e8fa22a7eaf63,3403
0x05aa75638763bb16433c1ac6b9d8c2b0720b88cb,3351
0xa39fc2c9c437f2e56901ccc6bd18ee1100c82686,3313
0x259762e379ae7ad6f74375781d7c9598cf3facdc,3232
0xa38137e7752b72581a1343a6dada462bf5a17520,3221
0x1beecce7980d50b90c2aae0f2df73cc770dda36a,3197
0x353bcf04a48c590264bb27f906db24e1eace18ed,3184
0x59d2824a12ad5c70c764e705bd8ba2cc2c617b31,3149
0xdc21b92372231137c5b07cebff3b7e2f5aff97e5,3149
0xb46c7a406c796555c8ad5c8cdadcc2ba95aea5a2,3123
0x21abad01d61a11f350d174a0cf590c4090eea08d,3063
0xf1d39a63132fa72b8cc1b1cee0de4f9308c324c6,2974
0x89077e4b417b170a5ec02965c3dccf636e02b5db,2924
0xbfb17c94e73d028cd35f6c948486d94ec0cf40e4,2921
0x9b38413ca6b00e09abea1a7b959857c7eae747a5,2912
0x3690e3202da7d28c3e22ec51661f564e49555da4,2884
0x3debc3e0e1326a3d87cdd9965c6cc4deee94c6f7,2875
0x4d286b910e5a4488d3e86282dd2af5046da3705b,2872
0x0cad008933a252a224320ee2b2b10b004563440e,2864
0x9bc910f14b0ee83689b9f49337b1dfd2962dbb94,2862
0xa1e6d046f7d76908ca869082c46191dad035e632,2857
0xcfbd9ae53eeab89951b5daea26176efdf6f39030,2814
0xf76334c608dea239457cbd724983905367d27b98,2807
0x271f0785cf223570c49bee727a0bd0956ff6cdeb,2807
0xa5e46089f6e9b1f5cd7d828727c6238cb2b3af75,2805
0xf77d5a52cb634b04680c2e907f95221ec33912c6,2795
0xf4d419447c80e62fded453612f5c17b326a9bb11,2745
0x07ea6302f16ce31158d01d96b24d487ba7ad5615,2671
0xd742aeeb0fe174d0ccb28ca9905ffd33bc9fe9fb,2656
0xc9718b9158bf979a6523d9f11b8f1d544231f05d,2641
0x9047d7d076c857296456ac79abe0e22c532a2996,2620
0x9520c4ba05bb81d875f6a36fd61fcba418d87626,2613
0x4e15422cac936d4d8213c83f9c5ba6dafe374806,2554
0x42b48e3454bf8c2d06e6ba54cb67b637b2db1013,2551
0xd02a691141804e2646384715350fd265d524df49,2549
0x4b7e04d325eb1bd1cee0e6389fb00f224954fdb6,2535
0x839016358583b375c9ac1c92531699a9709ab1ef,2524
0x14b915695e266908f1bebf316990c25ee4894c4d,2496
0xd790923a4826b7386f161aec7ac9f6c5183f96a9,2491
0x1cd936197ee9928858ef15d059db444bc9f2d08e,2478
0x791a6eba54b5abebd4f3a68e300500559d96f113,2469
0x1061596c1a63a3e72f8e1fdb40913130298f39bb,2406
0xffbb5b68a2dee390ef8230744f8d3a06f35102c3,2396
0x74c668285ead713d2323f20e94867f5dc06cca1a,2386
0xc9997573c4dbf5f0bc5bf42a27799eb439d67385,2364
0x61a0d43ed1520966090a53666c4e48d947a1b995,2356
0x1fcc475968a7fae3dc582cb4ada42cb155ebd1e7,2323
0xe605f0c88deb3697c0cf284a79f1f2dbcc52cc3b,2276
0xfd75dd09388b289177c0fc2b1fd82fb6dd5103b6,2263
0xfb491515629d7b4ed1ad9cd0fd8c3ce75d1be087,2153
0x35a72c07f33366bf00041b72b11a92e4731817a6,2152
0x050009ba03ac1ec2600539cec0317dadb11dc7de,2139
0x13f0aee1b19c0f0059d1b0472783139c6abfb42d,2128
0xff31898b480133cf417919ab55025343781cc08b,2124
0x1538ac87b1ba863f9637c19c0c9d9a1ba98bc27d,2108
0x6081d1cdfb99c340cf926c06a450fdcfad11c7f5,2082
0x8cd187bfeb928a701c7063ddbb3a3d3b6041cd9b,2075
0x10a28632a3133536b4d0f5aad2e96b5f8b7d9a84,2072
0x16962d9196736fa732dcf28a45d4580f3eb48940,2019
0xde75478008e5b50467940aeefb4303a59d312ba4,2010
0x137250c22f527642a7391d9f306b43bb9cfdf676,2006
0x2ebfdd69179f91971248fa30a2890e15591531c0,2002
0xe21e986e7370fc0d4f894e3fb442e2118cfb37a9,1942
0x57ca70e4bd188bf68de0338567cc7530b88215fb,1939
0x1d6ea450f99c04495537f71de5792cb3e97f9041,1937
0xf6d75f8fa74010fc97734163cf64d30aed01f751,1935
0x497ca35644767749ca721db5b3fa55ff54dd4a33,1926
0x880c205096f62bd9da0f1acf3c34794789bbabe6,1918
0x4098013bf148c436de1755017b4ace2c63b1a1e9,1916
0x28f9cb69a192c51935eec3abc69eede2965f7868,1913
0xa211e1ddd7cef8cd6a6507a21e33b8b81902c9ad,1912
0xec410e975682f2156ac3e2b207d0f4e5cc3a8d91,1901
0x6dd7687ad5f3a6c692540f8d45e88e6e21bc65b7,1886
0xed220b9ab3361fb06e5382ed7e75cd5485ceb6c9,1882
0x964b54237ea48f8a2c33f972e24c014e5bd1a71c,1871
0x21f6af178a497714ff975d1c208dc2027459016c,1853
0xaed9f2acfe5e2e86f540b430a2fac1cddb8b3c0f,1829
0xc62c734f64ac97418960b9d3e0a9745588202251,1809
0x832a38a79bdfcf2be39f43932ddd1c4803eadc48,1780
0x1f9d10e5b93c4f205c7f2e6476aea98544cdc55b,1780
0x57a10c1df0fbaa335b79131e7781d4b6adcd2822,1749
0x660bdd2187030ea0cff7114d9aec3f97f2b30519,1706
0xf3ec68ce18113c20441c4743966d7c3f2a5e4ca9,1697
0x02ad0b900363576513a1a23bfda7fc3b4b52fcc0,1674
0x0fafff2817de137b5195e706dc3e9caf90a01046,1658
0x30fdb1020f4908b9f91419828786c6b2868de8e9,1643
0x029b3172b2ebd577ff854c83f58211045615a758,1628
0x4d036928818bfc15285d74bc22ee9a1dafa60122,1586
0xa2dcb52f5cf34a84a2ebfb7d937f7051ae4c697b,1547
0x3a4061bfb18f71595183fa1d52d0167ac83f3e00,1541
0x77f3dd68c14a5955914d4aef9bca977768c5e68f,1514
0xaee7bd7e4ca2002e72107dbc5cce5956cf350052,1512
0xb201366978db44a94b0523949054b28ea043faee,1512
0x13940ac883f7b22ef6f76171ead4d0f5a0a6c8d8,1507
0x86e7dbc6575b53683ff70e9e0920b974212b9b70,1492
0xf4ab2e0a0c9f13be2ddf54d855a085e2287406ee,1482
0x0392ae5f3b35eaa9cf4148368366e158dab3a14c,1464
0x67daade472df5bf990f136ebfb57427fb150a4dc,1461
0xc069b19c821edd6690411654fbb70f458559bd6a,1418
0xb593b84a7c08f72fd6355a6729bce5b1d7c04e3e,1414
0x1ffee537f3ff77794808d61caf12b05bce7bda8b,1411
0x20936a11c17199c3eedf08d071279f386e319cc3,1405
0x87f8c64e99bae0b50f3552947d93d750fedb0242,1402
0x8fc09b0ca1db3305470802fd371a447f6061a769,1395
0x6b25c88779460a335b8c0a145b45881c084d3bd4,1394
0x7f7220c2cbf34151ebc5713828b8d0fa9967864a,1381
0x2a799fb09e19511fb10aa045595447d97b46b592,1372
0x385beeedf8813700c0eac72f956ccb7cf3256fca,1364
0x82918111230eb07e24f4fe2b52279ca5360d172f,1356
0xec74bbfbf843610b7d57ed5859c2a017f3de3218,1347
0x76a87cc31ec8fb46828ac2c0f678ac20644d4304,1327
0x4de6f265cae94b0baa312aa3c5c4cab909249013,1324
0x7cd13ada0b4cff8c1ca7a1a2d63015ff58c3f340,1319
0x9c9b128c51f385aea4807371995f132a8c6f6c56,1287
0xb7ea8190158ab7e6669f244372d10d97ff9a735a,1274
0xe11dcdaf89c516b39207fe09e50bdda5745dbf9e,1264
0x6d7225ff4eec1670314b5e25160900330a251b53,1256
0x01b899d1f3da9d718fdfa0537ef833e5b6f61b3f,1248
0x9139c093a545bf117672cc0b16b2bc49fb4a0924,1233
0xbff35fbc19ff05bf9740a2f0adab75b6e7a3c55d,1211
0x732a14d8196c401e58afa2e75c761230dc530674,1197
0x8d52c629cca4f4c4efea8b398e8d6256427b594c,1170
0xefe022d6c32cc87671f4ce9bc6757f28ce07eb56,1170
0x110e611bcba15733bdc544f2933f2e21a3396811,1156
0x4ecb0e69e190bca1c9730b7d8d644d38cfa90c52,1153
0xbfd01553b14e594c1ae6ab693a0cd03ec25b4c6c,1135
0x168f532e683a251516d8611d22af0773fdd94770,1135
0x1933a3602d1ad20840dc198946803e0ab2b49d06,1133
0x6c72184ec81a7b68e0aea1196610c5f28555b78b,1131
0x3e97cc1ffd19ad65c8644d1f8304bd79ed0b383c,1101
0x469607e697bf1ae57bf5751f98587e8eecd565ca,1092
0x3b6cc4cbf7ce88aaba85a7e5b5ae9ff094aa00a1,1073
0x157252999170cd6dd90a586f8ca458d01082e622,1071
0xcf9753f94e5f539ab2bea4582bfbe3d67dcc762b,1053
0x0223be446fdcdf1aec8b980498a4baad5cf01b6e,1046
0xcffef3c106214d1be8cbf40c76076578a9636ffd,1046
0x9a01f3e1b37be49d43292e2593b3e5c2297bce07,1032
0xaecd4991bd2ace684e7966d358799f4944f5512b,1016
0x3de7b630611a4244c1a684285fa23d9b4158e676,1015
0x883dc5bf174d751bd4821941ae5d4f22749e1336,1007
0x4f08f7fdbceb9d918446998fa6422ae2aa1334b9,986
0x928f2475c3fa837d428d9b0776b5d60d1c53b5c5,984
0x9c0e282684e1b6a0128559e99b135e49a2b81dec,962
0x790820ebee0700ba68e03b49a1b58ff62f715c8c,961
0xa9bdaf20ec77c590ac1bb8ffce2942466b07893f,956
0x16461ed038eb97be5a483c8a1618ce71b71a4ac8,934
0x6621f3a1065e4cba54058a2f6ed3dc1deefd6aec,930
0x93e0840b63629d856c847c6300e8cb4e3b2c9f99,927
0xdcace5015c70b11668f910de01e6e1271c90f236,916
0xc4273b45698f40906fdc41ba7ae3ceb251a5e70c,906
0xb819b99a1267e41aeeb11fcb2c857450f25406fe,901
0x678f012b57731d9b97858a3cae9aa93e82c73d1b,896
0x7435a0e7164ca69b36ab6983944a59e44eefc6fe,875
0x9577f3c59144fdf7c7a50e19a71faee57b1c95d4,872
0x9ed36539b6687da5a7f747349ceaa418c809b3e9,871
0x9df2a7cb7b8c701c3da067810d2b09956eab8182,863
0x2b513fbc01f7a72e3fe8336f9906072e366fd9cc,862
0x187f381ece4183496fec127489d7b2865e9f8d80,857
0xad3ea70309ab3b1b56ee3049df1a2fb9bd90ab61,856
0x5f9246caa3ca173e512b07c71ca7d5ac8a3d87d7,840
0x63cad78066b28c58f29f58a4f55827b2c2259776,828
0x388147115207366ebdea0c8bdeef07b925636bab,817
0x575bdc432b55d27d596050370f120a0e178211fe,805
0x743bc28e5eb0674abbdced74164eafdf60c03a8d,774
0x57c7c5b1f3b5571270c343fffd15193ec7e839c7,764
0x448e70bd08ef98248a077a4a7571f365872e73c2,760
0x92dd493a18d8db53f87bbb621bb7b4007ab8dfa8,743
0xb763286999517a193cabe5e004560cc4cda95f51,736
0xbad395349a59d36201d8c8d0c51905b5cd98adda,725
0x91962586c46ccf6fb53dad1f40d50ea20dee08b3,711
0xff3fc772434505abff38eecde3c689d4b0254528,701
0x14e9f90c304f6784bc529a68b6ef7e2f01271bce,699
0x0103c440765039fd90c4d41db564b21f9bc0c82a,698
0x69f1e459917b8625b244bdb8e45478d11bcdc8db,696
0xe94fdc8316043572f23ab891217c430fc75bc09b,692
0xd57d74c68875e9981b05e23d2684459c8c92ea43,692
0xfbc9404631edd833ffa15f8ac241810cf3ae1f4d,680
0xd6b9f1c641c5e7a542d38b785df4cb7b653d409a,664
0x549d4329968b16e52e6db02407ca471a91145615,655
0xe9fba15e7af3f41768aadf67d0ea1c5879618788,652
0xcaa6cfb06afb5d92fbca1b26476c945ed7476779,650
0xf325d42815b43c52f1182079f82f64be93bdc545,641
0xc188c82160b5e50a722210758f567e46d06fea82,634
0xb964b57b4404fb91341585260a7c0a4a2b3a7d2b,630
0xe0b306c243ce9806d5590bf0028e0c351a4f2e16,628
0xcdbb141b36a7f3783a086a89f4c4970218c53fa4,623
0x47bc7b7bb1c29c85d06b814bda0ec7acd82af4c8,622
0xa2cf40177f74e66725b14c3cbb1fb839b4366718,622
0x52b9ecff350a3ca2a9aebeb5db99e1aacfff837b,622
0x15c63b826d349647bec8716df183e4d7d7394d8c,617
0xa241f50fc7eed333c37432889b41fa61fa4013a1,604
0x13eae4742e041e8b4ef7b90b789076e725b1ec33,599
0xb4b461ceac51864c770ebab69f0b21620a67bfd9,599
0x73f558568b6ba65c93863c0a4e9b76413b5b291a,569
0x95b7a7add1499c456c5f5d1051c4701e207e171f,557
0x9669cdef494a5c37fdb208c10d2f061d307da2c6,557
0xf3a9c5d5d5109f999f80ae5a9dd177dfa9bc3e25,551
0x6b33c5c0098eaa6553b4391702b92d24ef03b9a6,535
0x84156b8f5e54cd8e765d1b38c67c6cf7d007e19d,534
0x064e75265a8508611639f1b5934965bac5fa0c11,533
0xdfbcdd9bd998023b109198b0a729c91cfce4b9ae,529
0xcd6bfe136c6a65db767a3c4c91e4c78fed548cc8,521
0x12efbe0ffe18499bc45e334374f2da593341e542,514
0x9b970d03d0cf0928e5b8d6bed73ab1b66b432f8c,511
0x2c59626f0c1b6c06d1bfd6192e92555e339a5393,500
0x0ed3749810125ff9d8aca782ba7128f6ff7c3f08,496
0x978b370094524b078b52c77569be1f72d227c394,496
0x9e20fbb573d6d6796143e2ae747c4a7fb7ad7d2b,496
0xb3aa468e1e278a04d49aa395f10e07f7939c5864,495
0x7f154ac243a15f7fb56e965e6db6c4fe233c73d2,490
0xc237732627874f90f256b7b0faaaf3a9fdcd9f64,489
0x605d77ba64a3a6c84fbcadf8fb23deac34efb1c0,487
0x15580a37de4c2d62f4598a588fe6bb4baa21887f,478
0x1d79d32bb6a9e067157049814a7800db110ce826,476
0x3805fb3e31f7905c55ee4421b9a44b437a3b28c6,463
0x642bc489ccf785737f8d6177ce8ad6affa57924e,442
0x6f825fb45dc916f647d3ef006b095f2cbfe1faf4,429
0x96843e5a8854969df7032d467f5aaabeb96c4cbb,416
0x67df1c1276b2ffdcf3dfae8b78812c5ddc3fb2d4,414
0xaf11d44c9e1408927549b67391a2ab36a06cd2b6,409
0x676f6a1e6da16b0476d6a36ce014a0c5642e668c,408
0x3ada24ba885fde09e347dafa83d6c0ccd58ff3d8,408
0xb1b069bb7b318dfa3b7da782f308fff0ca01a33d,404
0xa27e199047e88769c8bdccd334512a8feb34fd75,400
0x109b9ed94bc43267f79a33404997e2657a8a1010,395
0x85b4bddc4fda2d525934853adccbb6c8beace6be,391
0xbbf58044362522cfa5fbd11b5477c6ce75728847,384
0xa69c69c2d7bce726d6ab6873ef00f06d29b25af1,383
0x3e35a6ecd268d336f628710725f2d99d798e7967,377
0x9035539f972d6014cf2381ca054e98083e5b8929,366
0x01a70bd4ba50148f5213277ec39d4f399d967444,362
0xe4f60ade67862d6604cc7464621bc7ac17e75841,359
0x8e5d7f446a3ddce5e21de37a0edfa91065993817,359
0xaf2783176c8d7f91050179bc721c6bc3379ea0b4,355
0x7390f33fa4e24e7c03c69f2c120c734f5e9028b1,353
0x6c288d4647993d0b854fe0f26078646720369ae9,343
0x9c26cf1aa573a70837a2c7546cc8b580ba00cfb4,336
0x99e899e653d8b573f9ead80d93bb5662ba7a7df4,330
0x49e5880a801830b4db9b7e45bb5b1dbddff43b6e,322
0x8ae6911c6d10637ec9fe12aebed8ce263867a435,321
0xde587a7885f9941df32af21dd42c7a22cf36dc0f,315
0xaa1a4565f2d875995d85e8d52e7193c666e20c04,314
0xa5b55a1ca370cc64a38c2a8a19a8617411768040,306
0xab9ea06557c27da9c00aacb29dca45a07656e010,306
0xa90cd56133bc7dccc0702284190fdfe628be17b6,294
0x0d2a3b0db03674bea56599928155d9dd837593e0,293
0x6ea6f177632d372f745dc44f3cdb856d89e05d6e,285
0x20902b36b40783f4258b09596f86290cc0fb8511,275
0xa7e0396760a5d71547771433cb1574d64092aaa9,274
0xaeb49655274160f8e1ecf2a5113e28cb27058788,270
0x279ba53a1ad77793544eaf2ac7398a7bd7361aaa,269
0x134c5e74546cf8afb8a75cd8f4268f784976d421,260
0x19296ce41bea71dc575fe7103b1e2e53bff1a146,260
0xc85ecdbaba4aadd49310fe091dc33edf57ce46d3,258
0x536c86062263966cea8f39b33a503383311dfb47,252
0x82414264db3ded7e70f6ac5c6b7b5b2f462beef0,250
0x160276ea35b052b8d06c98670da1daeb1255191d,246
0x6bdb0fdd1f72d514e348a278149666d161e00290,246
0xa63cdd3019683951b2c5d25cc398d1716575e7f4,242
0xc61b2f000c2ce279b173cb4bccea53307280cc71,222
0x52509cb73c005b9ec1e5dbb33d7907fb2b9f2c51,221
0xdc75d964b7bb3dbd2829e43833092d94fd56afd1,221
0xdc6cb652a5885288f556af15211c9f30efc6a3c9,221
0x183696db72865a7a53f264cd7385edb7c0877bcb,214
0x5320a3141fe602909ad7a8bb811a38b44f1584d9,196
0x1dafd867c06df15988fc96d3a7de955f538ebfe3,193
0x65412295f6e441e6c7baa14436dcecf44c26d71e,192
0x8942a196205b1acbfd19ee20ceddb6c6bce46c7a,191
0x408b77661acb50b83fe361de7e5e576e97d84474,187
0x22e73923bf93228c91fd21eb7ad2c842e7975cc0,187
0xe44dd6ea12db2a7e54d54e530291d1de5691d457,182
0xbe50025d759fe2b0ee4de6cace4942c6190a5900,179
0xe8c31ea506f76b66491b04f4699d4727e78a88fc,178
0xde63c7b574f9aa72fd76720af0a6ef7f63533e76,176
0xe9daa8a0f87436faa5370168afe5e41d409a4616,175
0xd0f2f27414c50a29663e139f1d08a95998736a35,171
0xc5cae07c41ef17f251c7f8b6c82d5f9188168088,168
0x9c41c3c747d8addd6fc5ba3c4e9a811176c5d2e9,168
0x9041293e685c8dae8f3032e2f720c428f8351138,168
0xbb8921acfa24f21e1d35d32e29be2c43bf561ea6,168
0xe352951eafc333c3af7ecfdc28995d6145e819c9,167
0x80c57b0fa575fe458eee08a4a008afaea643f193,167
0xc8d620e7fef344cf39290adb28e54d1b7763621e,163
0x818bd10c1557c2ba6428e60dce852ce3c4b9a942,163
0x330500f072b19639ee65838392e4d1a37ba77f56,161
0x7c214444fa0abf6dbf3c64f77621ddea87216ef9,160
0x221b12a1bff7979ac3f27efa22ff2d2288c19aec,154
0x46105df5cc51baa01d81ad968f49f5f48a7c065e,145
0xc84fdb5750db90f5c86dbc7ba35e76e8cf0ec840,144
0x08b44a1bcec3745ce597bb0afbee92f7cb28ab2c,128
0xb84db92de4d9bf5f81b17501de69226f2b2e7f92,128
0x1082b0aaa0545b5c3b24a405344b3c02794c86f9,124
0x3fddde5ed6f20cb9e2a8215d5e851744d9c93d17,122
0xe7f33855e612ce745f78ddf89c5fa5fbbf00b462,122
0x59b6f2cb225a69acab047bc78e5f541ddd9647fc,122
0x4a7adca0f90b53afcf765236c19e2eaca96c4cc3,121
0xdd7b2a3aa320f5f564b26a03a0af46ee4c5547cf,121
0x7ee71beb873e9974c0f60cca0af91528314ebd9e,120
0x2710fd905ec5d9f8659406e5a60389d06a549809,120
0x5af25dc2efb41d373b809b8bdaa8a9319155d635,116
0x8b9f82919ff21b4e4f03cc9d7a62700bd40ff25d,115
0xe010e3bce3a766143896c1348154648344167770,115
0xafa67de3fde04bb9c5f05ffc8860e77ae1abc50e,114
0xa0a2a55d6dcc7fd6953dbd8314ac038268a0d26e,108
0xe482500db1ef0493551ca193fb1cf67085fa655f,107
0x356c197ac451be6f2ea8b2ff2ca22f8f86125085,106
0x2f88da75e785eccbcbc9e6947bf59ca1c2bce9be,101
0x31ffd8400acf5f46fd28470c6a3ac95db5fa5aee,99
0xe933cedb1d7772ab3ca6ca8c173cc6b6ad61bb5f,98
0x55e3bbdae15258e1391778e54542372152fac6d3,96
0xbe3644e97ce63886261f84d51a05991e5d2632e3,93
0x0a0912518dc220e12fe229b12d4ac3780db251d9,93
0xff13748fbc2aecb0907e145cbc734ba7b1732b5c,92
0x04552cc29fd3e2ac86e60b83cc7444e52e8bb4b8,89
0x8aec860b350e3bd5c2a4e9380a07bf090d459278,84
0x00d5ccef647a44220e0deba78762e5e8e4ba144c,84
0x6ec2c30b43f78eaaa0f075944cc58c5c10ed28ea,82
0x7d8566fb609b311dee6609b98377d7c337b44c5e,81
0x58d526e342a1c161812b38e2d10913b23f7ef6e6,81
0x49b6f467df8598747f8f0e773239c50455770a83,81
0xec2e04cc1dd7c84ee5e10cb53d75eeebadc4468a,80
0x71da7b3e0eeffd091c1f4224ed10f34dee89862c,80
0x7ee609043ed0c85711f7c00f63cebc9d320b0030,80
0x6578db7ee678107c076e04a347995a14b10ccd09,80
0x190cc68ee635a457f3ac5559ec3336099b4abdba,80
0xd5529c431279b56cfba4ddab22e932b17ea40ae5,77
0xd70464a147925dde45821d92e07a49082107b862,72
0xfdc185b8d09d40070ebc7959e3f6a0f8bce59fef,70
0xc87e45118ae5d772cc5178afc9b5b96c3ec5126d,69
0x02aa0b826c7ba6386ddbe04c0a8715a1c0a16b24,66
0xb4471d6731e0d2a9c45763d09a8f5f79776a8248,63
0x7ee24655405af84225cb6a9b398d28b66d0019a4,59
0xd3abc1a5483809fbde47cab669f7331b9c7e2545,59
0xe56ebb624285aca3a910d24118152ecc50c1521f,58
0x738d7283c7172e90acabd1e3f710addc0f8a5c54,58
0xc4096a18a671f2009d7dae138850a0aa85c420d5,56
0xfd387faa9c002d8d773c88534a4f01c599320e83,55
0x2fa0393cff15d306a580cba1b65dc4b0ee4a3172,54
0xb1dec77632dcb5faa56a97bce68f252d420c7c2f,54
0x3489dc4338283a3a00d36d154105e3bedca106e8,49
0xfff67a4355a12ad68298254b1b4d0d9057ee5064,48
0xf44a394015a4ab258e8bf2ebccd7e9e670cf2d30,46
0x6939187af71e61beb45c9e339ff686b30f765423,46
0xcafed6d85b699e1de28f1cf01a0bace492bc390f,44
0x125dd28972b8020839ed116d91c2bbf41f7cad02,43
0xa9531d3b5483bef6fae3b4be62ccd83697ab92b1,42
0x04ec1a0a1f349a8c14135c46db21b891c6860992,41
0xc21b753a012f67b032f2c682034d7fd07e05ee81,33
0xc7cc612f36236393079c50092d4a26d8c2fc1da5,33
0x887886694a689db2f74785ca381105cc3dad6be8,32
0x207b43a723b61d53a24acf0166d91d3f8f79af90,30
0x1ed9d10d1bfbc99eb97b1cd5c184aafca2c1643c,29
0x16a56df9d90a732af6d6871536dad3aec202d971,27
0x566a20f76388496414f15413fd09a0c8d208995c,26
0x5792bd7e094416b2d0e90991443100d6aca1be88,25
0x745e5982f8c580d276776d79818bc6ece2ad7890,23
0x5d9d25c3bece8610eeb1f826ca2a835198fb7042,21
0x7fd3cacc3ef21877c718af769b5326d702662c7f,21
0xf8e31c0269183f56447d8c0f6ea141f090a6b87b,21
0x7923313256190f6b6bf35d87c35e371488c6c13c,21
0x6313e1dd88492036bd6898d84fec346b236db632,21
0xc6aa212b6a483804d17039908660ce9674d711a8,21
0xcac63bfd84f147f0ff1a1c77909ae2d2ee23a2c2,21
0x0445b78dc22fb9686dc1458312d298c7e8c3012d,20
0xffd569963326b58661b7b02ee3c896e8a85da676,20
0xc2fc1b9e20865b4bdf8148eeeed98549d6a4360e,16
0x0f0575ac02f82152c3657246b1e8491c31af2e83,15
0x8da02d597a2616e9ec0c82b2b8366b00d69da29a,15
0xae671d73ecb1097cc13f388137f26cd3558187a5,14
0xda73f0ff3812e9eb701c717c14445367c9770d03,11
0x745ff91681173a6109dfa58e84e425eff490be6e,9
0x08e247db50d71ae45c57c6077bada3342c7bc46f,8
0x41c7eaedd22e5b48e55c9c003f643d586277884c,7
0xe7737d2d76b1221338d345302e8d74be76cd5808,7
0x8ad55a900a6db1b0d36ee738c24b287dfda46059,7
0xb32c98f77ef8d898a01df771a72843b6a4762080,6
0xaff328c702e24a16830f30182009afb3126c7561,5
0x04b5eacc5676d9666de75b138b5f38192fef621a,5
0x7bef8e748c72f5df794137915b8270787f38fc97,4